vehicle_id,timestamp_ms,thermal_brake_margin,thermal_engine_margin,thermal_stress_index,mechanical_vibration_anomaly_score,mechanical_dominant_fault_band_hz,mechanical_vibration_rms,electrical_charging_efficiency_score,electrical_battery_health_pct,engine_rul_pct,brake_rul_pct,battery_rul_pct,vehicle_health_score,brake_health_index,engine_rul_pct_future,brake_rul_pct_future,battery_rul_pct_future,failure_next_7_days
VIT_CAR_0000,1707051123456,0.124,0.427,0.774,0.7367,193.88,0.35,0.4841,76.79,43.973,24.02,65.497,0.7375,0.2402,28.766,5.952,63.969,1
VIT_CAR_0001,1707051123457,-0.226,0.053,0.4389,0.8864,106.97,1.079,0.702,86.59,59.652,39.106,79.406,0.9685,0.3911,49.982,25.592,80.267,0
VIT_CAR_0002,1707051123458,-0.107,0.407,0.8586,0.9211,133.93,0.951,0.521,78.44,33.221,11.767,64.74,0.4967,0.1177,15.525,0.0,63.79,1
VIT_CAR_0003,1707051123459,0.361,0.104,0.6974,0.5036,95.84,0.403,0.5338,79.02,51.97,37.625,68.671,0.5401,0.3763,40.344,20.062,68.964,0
VIT_CAR_0004,1707051123460,0.085,0.353,0.0942,0.5203,93.56,0.308,0.7978,90.9,85.414,74.391,89.861,0.8497,0.7439,79.857,64.994,94.461,0
VIT_CAR_0005,1707051123461,0.359,-0.142,0.9756,0.7999,208.76,0.482,0.6661,84.97,30.908,9.116,66.52,0.6046,0.0912,14.823,0.0,60.818,1
VIT_CAR_0006,1707051123462,-0.17,0.49,0.7611,0.3145,149.22,0.568,0.957,98.07,55.188,40.86,79.965,0.7893,0.4086,43.654,25.09,74.351,0
VIT_CAR_0007,1707051123463,-0.086,0.134,0.7861,0.8374,132.66,0.408,0.6255,83.15,39.57,19.443,69.473,0.5678,0.1944,24.655,0.0,68.134,1
VIT_CAR_0008,1707051123464,0.027,-0.042,0.1281,0.4941,122.99,1.199,0.8494,93.22,80.458,73.28,90.663,0.3724,0.7328,75.235,64.761,90.341,0
VIT_CAR_0009,1707051123465,0.034,-0.057,0.4504,0.1159,207.6,0.391,0.7036,86.66,76.169,67.674,79.2,0.7962,0.6767,69.302,59.155,79.196,0
VIT_CAR_0010,1707051123466,0.448,-0.038,0.3708,0.0721,120.27,1.022,0.813,91.58,77.428,74.272,84.232,0.3049,0.7427,73.573,67.199,81.11,0
VIT_CAR_0011,1707051123467,-0.258,0.043,0.9268,0.842,177.09,0.317,0.7798,90.09,30.471,10.545,71.006,0.3589,0.1054,14.741,0.0,68.349,1
VIT_CAR_0012,1707051123468,0.332,0.324,0.6439,0.0556,124.05,1.179,0.71,86.95,66.797,57.969,75.136,0.7015,0.5797,59.193,50.383,72.442,0
VIT_CAR_0013,1707051123469,0.341,0.51,0.8228,0.2806,98.46,0.387,0.9725,98.76,52.864,38.326,79.075,0.7978,0.3833,41.204,24.994,75.87,0
VIT_CAR_0014,1707051123470,0.093,0.285,0.4434,0.3341,171.99,0.593,0.6385,83.73,72.249,59.811,77.4,0.9158,0.5981,66.228,50.286,78.142,0
VIT_CAR_0015,1707051123471,-0.075,0.188,0.2272,0.173,90.2,0.736,0.5475,79.64,83.376,79.337,79.425,0.4181,0.7934,79.312,73.735,84.58,0
VIT_CAR_0016,1707051123472,0.065,0.109,0.5546,0.3139,171.09,0.276,0.823,92.03,61.937,53.688,80.488,0.2886,0.5369,53.179,42.135,78.096,0
VIT_CAR_0017,1707051123473,-0.116,0.413,0.0638,0.7427,120.05,1.008,0.9153,96.19,82.576,67.821,94.055,0.9648,0.6782,76.832,59.992,94.515,0
VIT_CAR_0018,1707051123474,0.289,0.43,0.8276,0.0147,179.53,0.438,0.4721,76.25,55.199,48.129,63.956,0.3235,0.4813,48.537,37.272,62.794,0
VIT_CAR_0019,1707051123475,0.049,-0.016,0.6317,0.8272,182.37,0.727,0.6973,86.38,46.166,29.404,75.022,0.3581,0.294,31.417,10.928,73.78,1
VIT_CAR_0020,1707051123476,0.391,0.513,0.7581,0.8565,176.89,0.727,0.9409,97.34,39.487,20.45,79.548,0.4331,0.2045,26.307,1.326,74.67,1
VIT_CAR_0021,1707051123477,0.148,0.066,0.3545,0.3723,92.94,0.783,0.8623,93.8,73.618,63.873,86.069,0.6235,0.6387,64.273,52.14,83.709,0
VIT_CAR_0022,1707051123478,0.061,0.39,0.9707,0.1536,174.45,0.208,0.9955,99.8,49.087,33.979,76.509,0.9063,0.3398,37.66,19.171,68.61,1
VIT_CAR_0023,1707051123479,0.219,0.523,0.8931,0.6008,208.82,0.327,0.7423,88.4,41.605,21.795,70.62,0.8084,0.2179,29.937,4.426,65.652,1
VIT_CAR_0024,1707051123480,0.053,0.313,0.7784,0.1197,119.12,0.319,0.813,91.58,58.784,47.193,75.265,0.7665,0.4719,50.117,34.678,74.732,0
VIT_CAR_0025,1707051123481,0.374,-0.121,0.1946,0.3649,122.91,0.467,0.6164,82.74,79.842,74.065,82.209,0.3401,0.7407,75.402,70.416,85.121,0
VIT_CAR_0026,1707051123482,-0.202,0.219,0.4667,0.9584,187.62,0.302,0.9711,98.7,52.617,34.643,86.866,0.4861,0.3464,39.934,17.203,85.797,1
VIT_CAR_0027,1707051123483,0.429,-0.155,0.0438,0.9955,109.25,1.118,0.6515,84.32,74.493,59.457,86.581,0.5827,0.5946,67.089,49.215,90.119,0
VIT_CAR_0028,1707051123484,0.3,0.381,0.1543,0.7721,169.27,0.689,0.8562,93.53,71.99,61.094,90.291,0.3179,0.6109,64.51,51.159,91.172,0
VIT_CAR_0029,1707051123485,0.339,-0.025,0.683,0.311,180.6,0.805,0.6717,85.23,56.368,45.834,73.125,0.4187,0.4583,45.499,33.012,69.618,0
VIT_CAR_0030,1707051123486,0.036,0.306,0.7448,0.6877,94.46,0.525,0.759,89.16,44.342,27.693,74.385,0.4467,0.2769,30.901,10.219,70.649,1
VIT_CAR_0031,1707051123487,0.32,0.478,0.9675,0.7054,156.45,0.44,0.8459,93.06,31.174,13.209,72.091,0.3018,0.1321,15.891,0.0,66.516,1
VIT_CAR_0032,1707051123488,-0.105,-0.105,0.3258,0.3878,159.11,0.678,0.7299,87.85,74.87,65.061,82.729,0.6402,0.6506,67.421,57.893,85.743,0
VIT_CAR_0033,1707051123489,0.26,0.064,0.3705,0.6409,126.41,0.459,0.9489,97.7,67.467,52.678,88.317,0.764,0.5268,57.696,43.149,86.299,0
VIT_CAR_0034,1707051123490,-0.238,0.268,0.4696,0.0107,195.16,0.511,0.6806,85.63,73.373,70.48,78.088,0.2559,0.7048,66.093,63.795,80.24,0
VIT_CAR_0035,1707051123491,-0.104,0.086,0.1895,0.2091,109.53,0.625,0.8059,91.27,85.809,80.309,88.008,0.5849,0.8031,82.848,76.788,89.783,0
VIT_CAR_0036,1707051123492,0.007,-0.11,0.1299,0.5251,133.7,0.681,0.6383,83.72,83.248,71.992,84.291,0.8258,0.7199,78.961,63.869,90.033,0
VIT_CAR_0037,1707051123493,-0.092,-0.227,0.4757,0.1638,191.84,1.184,0.6745,85.35,73.72,64.284,77.769,0.7984,0.6428,67.689,57.135,77.781,0
VIT_CAR_0038,1707051123494,-0.04,0.075,0.2269,0.1659,112.88,0.384,0.692,86.14,87.035,79.627,83.769,0.8521,0.7963,84.826,73.648,89.235,0
VIT_CAR_0039,1707051123495,0.306,0.269,0.6698,0.8363,188.56,0.662,0.5192,78.36,45.567,26.692,68.84,0.5586,0.2669,32.477,10.588,68.523,1
VIT_CAR_0040,1707051123496,-0.145,0.209,0.4372,0.9891,99.49,0.307,0.5004,77.52,56.38,35.31,73.396,0.8564,0.3531,45.236,22.614,74.744,0
VIT_CAR_0041,1707051123497,0.246,-0.125,0.8327,0.556,148.71,0.517,0.8171,91.77,42.498,27.247,74.195,0.3926,0.2725,29.903,9.847,67.913,1
VIT_CAR_0042,1707051123498,-0.291,0.111,0.7003,0.8391,99.04,0.903,0.8105,91.47,43.358,24.699,76.91,0.4886,0.247,29.644,3.216,77.078,1
VIT_CAR_0043,1707051123499,0.263,0.046,0.3124,0.9903,171.35,0.333,0.8146,91.66,58.718,43.001,85.566,0.3411,0.43,47.553,27.903,86.521,0
VIT_CAR_0044,1707051123500,0.284,-0.031,0.8323,0.1416,184.87,0.76,0.4609,75.74,53.916,43.019,63.516,0.574,0.4302,47.091,31.799,62.827,0
VIT_CAR_0045,1707051123501,-0.029,0.333,0.8048,0.4482,191.98,0.588,0.6296,83.33,47.504,33.071,69.183,0.5136,0.3307,34.835,18.152,69.063,1
VIT_CAR_0046,1707051123502,0.228,-0.002,0.3875,0.3926,207.75,0.204,0.5588,80.15,69.571,61.059,76.239,0.3927,0.6106,61.562,52.082,79.466,0
VIT_CAR_0047,1707051123503,0.382,0.182,0.2883,0.08,170.64,1.13,0.878,94.51,85.497,79.082,87.996,0.8014,0.7908,82.416,75.758,90.103,0
VIT_CAR_0048,1707051123504,0.291,0.489,0.6825,0.7553,182.29,0.584,0.9233,96.55,45.991,28.983,80.686,0.4511,0.2898,33.574,12.601,73.824,1
VIT_CAR_0049,1707051123505,-0.038,0.181,0.1398,0.4338,150.69,0.973,0.5857,81.36,81.668,74.852,82.496,0.4182,0.7485,74.987,70.384,85.952,0
VIT_CAR_0050,1707051123506,0.037,0.244,0.1999,0.4693,199.53,0.587,0.8173,91.78,76.779,69.771,88.122,0.3047,0.6977,72.978,63.658,88.021,0
VIT_CAR_0051,1707051123507,0.273,-0.191,0.0074,0.1507,167.25,1.134,0.5211,78.45,96.409,93.818,83.473,0.5511,0.9382,95.132,94.491,86.199,0
VIT_CAR_0052,1707051123508,-0.116,-0.107,0.7869,0.1809,196.03,0.455,0.6013,82.06,54.277,44.335,68.728,0.4424,0.4434,42.688,32.047,68.807,0
VIT_CAR_0053,1707051123509,0.293,-0.169,0.6649,0.9071,118.25,0.583,0.5263,78.68,43.621,24.309,69.161,0.4954,0.2431,31.741,7.288,69.122,1
VIT_CAR_0054,1707051123510,-0.088,0.362,0.7052,0.0446,149.61,0.947,0.6059,82.27,61.37,54.583,70.664,0.3888,0.5458,54.239,43.804,70.861,0
VIT_CAR_0055,1707051123511,0.295,0.419,0.7807,0.2329,177.58,0.511,0.8211,91.95,56.298,42.746,75.457,0.8105,0.4275,44.183,28.585,74.898,0
VIT_CAR_0056,1707051123512,-0.281,-0.101,0.4589,0.2921,114.33,0.533,0.9507,97.78,72.679,60.449,86.424,0.944,0.6045,68.252,53.664,82.815,0
VIT_CAR_0057,1707051123513,-0.314,-0.075,0.5687,0.4902,115.36,1.195,0.5614,80.26,59.447,46.111,72.329,0.5983,0.4611,50.748,33.57,72.411,0
VIT_CAR_0058,1707051123514,0.448,0.009,0.1398,0.5864,207.37,0.733,0.7481,88.67,80.371,69.048,87.369,0.7144,0.6905,74.713,62.433,89.451,0
VIT_CAR_0059,1707051123515,0.346,0.223,0.1145,0.4933,142.15,0.874,0.8358,92.61,85.355,74.154,90.553,0.8937,0.7415,83.028,67.803,93.089,0
VIT_CAR_0060,1707051123516,0.356,0.247,0.6684,0.0841,111.82,0.826,0.9741,98.83,67.217,55.363,82.518,0.9991,0.5536,59.514,44.284,76.632,0
VIT_CAR_0061,1707051123517,0.411,0.299,0.4711,0.2437,129.78,1.019,0.7855,90.35,71.181,61.533,81.202,0.6908,0.6153,64.252,52.517,79.06,0
VIT_CAR_0062,1707051123518,0.001,0.474,0.5652,0.8436,137.69,1.055,0.5903,81.56,53.656,32.899,73.274,0.9118,0.329,40.543,18.704,75.254,1
VIT_CAR_0063,1707051123519,-0.121,-0.014,0.765,0.6376,164.77,0.741,0.794,90.73,48.333,28.342,74.99,0.9269,0.2834,36.328,12.089,71.91,1
VIT_CAR_0064,1707051123520,-0.246,0.277,0.6347,0.6491,200.76,0.459,0.6263,83.18,54.08,35.98,72.824,0.8332,0.3598,43.269,18.035,69.164,0
VIT_CAR_0065,1707051123521,0.051,0.198,0.5536,0.6702,208.39,0.174,0.9869,99.41,55.679,40.21,85.427,0.5687,0.4021,44.92,25.435,79.318,0
VIT_CAR_0066,1707051123522,-0.174,-0.005,0.5592,0.7629,168.2,0.795,0.6698,85.14,50.731,36.339,75.792,0.2649,0.3634,38.054,23.554,77.532,0
VIT_CAR_0067,1707051123523,0.398,0.476,0.304,0.0581,173.99,1.017,0.827,92.21,80.501,78.947,86.123,0.2126,0.7895,76.946,73.79,86.37,0
VIT_CAR_0068,1707051123524,-0.347,-0.174,0.0308,0.3666,128.62,0.623,0.4628,75.82,90.253,84.158,81.205,0.5818,0.8416,87.243,77.36,86.262,0
VIT_CAR_0069,1707051123525,-0.235,0.32,0.4367,0.5395,192.86,0.323,0.67,85.15,65.106,52.421,78.493,0.5955,0.5242,54.525,43.752,78.703,0
VIT_CAR_0070,1707051123526,-0.153,0.332,0.2146,0.3385,116.14,0.452,0.9313,96.91,80.926,73.834,91.218,0.5259,0.7383,73.988,68.469,90.346,0
VIT_CAR_0071,1707051123527,-0.191,0.482,0.4085,0.8445,102.77,0.685,0.7856,90.35,59.725,42.581,82.581,0.6545,0.4258,50.168,28.312,82.989,0
VIT_CAR_0072,1707051123528,-0.169,0.165,0.8534,0.4826,206.79,1.029,0.6942,86.24,45.175,28.751,70.05,0.6417,0.2875,28.507,11.421,64.856,1
VIT_CAR_0073,1707051123529,0.175,0.007,0.2339,0.7686,193.7,0.33,0.9648,98.41,72.342,56.288,91.796,0.8693,0.5629,64.697,46.95,89.086,0
VIT_CAR_0074,1707051123530,-0.088,0.412,0.0583,0.852,126.44,0.793,0.9197,96.39,74.815,64.009,94.308,0.2869,0.6401,67.493,53.859,95.215,0
VIT_CAR_0075,1707051123531,0.142,0.367,0.2814,0.5048,171.02,0.941,0.6272,83.22,72.294,63.372,80.626,0.3801,0.6337,67.628,56.107,82.699,0
VIT_CAR_0076,1707051123532,0.362,0.15,0.2936,0.9096,146.04,1.133,0.7495,88.73,65.579,47.234,84.026,0.8344,0.4723,55.243,34.842,85.541,0
VIT_CAR_0077,1707051123533,0.132,0.364,0.6619,0.5871,128.78,0.273,0.7194,87.37,54.516,36.65,75.02,0.8783,0.3665,44.114,21.879,71.248,0
VIT_CAR_0078,1707051123534,0.206,-0.036,0.557,0.8503,124.41,1.123,0.7977,90.9,54.595,33.154,79.677,0.9959,0.3315,41.92,17.071,78.184,1
VIT_CAR_0079,1707051123535,-0.058,0.222,0.7839,0.3406,106.32,0.782,0.6338,83.52,54.25,38.456,69.767,0.8983,0.3846,43.413,23.813,69.528,0
VIT_CAR_0080,1707051123536,-0.222,0.442,0.6643,0.4988,155.92,0.955,0.5843,81.29,56.779,39.858,70.914,0.9119,0.3986,47.086,27.137,71.318,0
VIT_CAR_0081,1707051123537,-0.094,0.004,0.4064,0.5314,143.59,0.206,0.952,97.84,65.726,54.61,87.619,0.4515,0.5461,56.842,42.309,85.153,0
VIT_CAR_0082,1707051123538,0.421,0.137,0.814,0.105,151.46,0.681,0.9581,98.12,55.322,45.542,78.835,0.5213,0.4554,47.128,30.663,72.682,0
VIT_CAR_0083,1707051123539,0.147,0.511,0.167,0.3986,115.84,0.804,0.9138,96.12,81.068,74.503,91.741,0.4145,0.745,74.951,69.101,90.187,0
VIT_CAR_0084,1707051123540,-0.128,0.389,0.0227,0.9173,202.63,0.472,0.988,99.46,78.283,63.733,97.141,0.685,0.6373,72.054,55.189,96.995,0
VIT_CAR_0085,1707051123541,0.011,0.46,0.09,0.6308,166.63,0.603,0.8597,93.69,83.786,70.445,91.811,0.951,0.7045,79.763,63.597,94.664,0
VIT_CAR_0086,1707051123542,0.318,0.058,0.7224,0.1775,197.95,0.732,0.8706,94.18,57.983,48.468,78.225,0.4757,0.4847,49.784,37.192,73.821,0
VIT_CAR_0087,1707051123543,0.185,0.547,0.4619,0.3389,103.11,0.73,0.8694,94.12,69.015,58.487,83.921,0.6456,0.5849,64.437,48.151,80.459,0
VIT_CAR_0088,1707051123544,0.099,-0.128,0.1613,0.1916,164.74,0.194,0.7143,87.15,86.512,82.72,85.882,0.437,0.8272,82.251,79.728,87.281,0
VIT_CAR_0089,1707051123545,0.358,0.165,0.501,0.0248,191.94,0.611,0.701,86.55,72.037,67.992,78.008,0.3358,0.6799,64.283,60.661,77.889,0
VIT_CAR_0090,1707051123546,0.188,0.133,0.1523,0.9275,129.71,0.375,0.5821,81.2,68.67,55.313,82.113,0.3561,0.5531,59.011,43.176,85.349,0
VIT_CAR_0091,1707051123547,0.164,0.389,0.6963,0.4482,113.42,1.113,0.8047,91.21,51.005,39.796,76.82,0.2464,0.398,41.199,25.098,74.322,0
VIT_CAR_0092,1707051123548,-0.198,0.477,0.4462,0.3075,121.8,1.175,0.6091,82.41,73.095,60.652,76.458,0.9594,0.6065,66.781,54.361,78.364,0
VIT_CAR_0093,1707051123549,-0.265,0.335,0.381,0.5985,122.75,0.465,0.5918,81.63,66.002,53.635,77.371,0.5223,0.5363,57.775,39.713,80.555,0
VIT_CAR_0094,1707051123550,0.422,0.251,0.3015,0.0073,143.66,0.334,0.7723,89.75,87.084,81.028,84.535,0.8673,0.8103,82.032,77.484,86.991,0
VIT_CAR_0095,1707051123551,0.129,0.092,0.6303,0.278,129.12,0.38,0.6755,85.4,62.513,50.358,74.398,0.7451,0.5036,54.784,36.235,74.744,0
VIT_CAR_0096,1707051123552,-0.017,0.158,0.3618,0.703,122.55,0.652,0.5704,80.67,63.141,50.852,77.151,0.3535,0.5085,52.403,38.594,78.011,0
VIT_CAR_0097,1707051123553,0.121,0.157,0.0876,0.6338,167.82,1.068,0.8988,95.45,78.955,70.482,93.037,0.3404,0.7048,75.293,62.267,92.194,0
VIT_CAR_0098,1707051123554,-0.301,-0.234,0.118,0.9818,96.36,0.675,0.9233,96.55,73.097,55.375,93.103,0.8496,0.5538,69.213,40.777,92.966,0
VIT_CAR_0099,1707051123555,0.308,0.152,0.9619,0.6204,130.84,0.208,0.5422,79.4,34.387,16.789,63.105,0.4118,0.1679,20.013,0.0,60.227,1
VIT_CAR_0100,1707051123556,-0.177,0.435,0.9086,0.4775,172.77,0.192,0.4541,75.44,44.739,25.523,61.635,0.9306,0.2552,32.276,7.458,59.209,1
VIT_CAR_0101,1707051123557,0.294,0.317,0.6997,0.7614,111.1,0.389,0.6349,83.57,43.837,27.684,71.653,0.312,0.2768,30.071,7.125,69.774,1
VIT_CAR_0102,1707051123558,0.078,0.387,0.2659,0.9033,116.51,1.035,0.8886,94.99,66.432,49.19,88.81,0.7422,0.4919,54.469,37.693,87.307,0
VIT_CAR_0103,1707051123559,-0.129,0.062,0.9692,0.7207,114.08,0.803,0.9115,96.02,35.119,12.525,74.024,0.8516,0.1252,18.509,0.0,66.325,1
VIT_CAR_0104,1707051123560,-0.326,0.173,0.7788,0.9632,90.11,0.741,0.5261,78.67,35.494,15.115,66.65,0.3882,0.1512,18.545,0.0,65.633,1
VIT_CAR_0105,1707051123561,0.303,-0.223,0.7169,0.782,146.85,0.485,0.8759,94.41,43.321,25.837,78.505,0.421,0.2584,27.791,8.519,76.027,1
VIT_CAR_0106,1707051123562,-0.209,0.056,0.4494,0.8668,94.68,1.126,0.5136,78.11,59.603,39.201,73.523,0.9716,0.392,51.176,24.311,76.063,0
VIT_CAR_0107,1707051123563,-0.309,0.13,0.2722,0.1141,122.75,0.498,0.6645,84.9,82.398,78.785,81.947,0.4117,0.7879,79.014,75.825,87.502,0
VIT_CAR_0108,1707051123564,0.255,-0.046,0.0964,0.7324,209.38,1.027,0.9992,99.97,77.761,66.192,95.856,0.544,0.6619,72.144,60.042,95.35,0
VIT_CAR_0109,1707051123565,-0.07,-0.225,0.9026,0.4401,200.21,1.091,0.5559,80.02,42.871,27.315,64.82,0.546,0.2732,29.398,11.978,62.493,1
VIT_CAR_0110,1707051123566,-0.039,0.302,0.4558,0.5531,115.81,0.658,0.5347,79.06,62.245,50.724,74.013,0.4024,0.5072,53.1,37.4,75.957,0
VIT_CAR_0111,1707051123567,-0.152,0.098,0.2024,0.6541,127.2,1.089,0.6825,85.71,76.344,62.598,84.024,0.8206,0.626,70.986,53.525,86.6,0
VIT_CAR_0112,1707051123568,0.337,0.083,0.306,0.9698,145.64,0.441,0.7908,90.59,63.355,44.178,84.993,0.8175,0.4418,53.152,30.855,85.709,0
VIT_CAR_0113,1707051123569,-0.112,-0.05,0.5792,0.9846,191.33,0.841,0.9631,98.34,46.272,26.674,84.15,0.5027,0.2667,33.805,6.005,83.074,1
VIT_CAR_0114,1707051123570,-0.182,0.18,0.1768,0.2882,186.32,0.242,0.9895,99.53,86.835,78.087,93.795,0.8681,0.7809,82.579,73.434,91.239,0
VIT_CAR_0115,1707051123571,-0.103,0.1,0.8566,0.7338,105.15,0.648,0.4883,76.97,36.81,19.007,63.804,0.3705,0.1901,21.737,3.087,64.38,1
VIT_CAR_0116,1707051123572,-0.187,0.129,0.7585,0.75,104.93,0.378,0.5259,78.67,40.185,24.472,67.09,0.2034,0.2447,24.481,7.313,67.022,1
VIT_CAR_0117,1707051123573,-0.096,0.215,0.7195,0.3465,140.01,0.216,0.8849,94.82,55.528,42.227,78.719,0.6569,0.4223,42.221,30.899,71.988,0
VIT_CAR_0118,1707051123574,-0.284,-0.245,0.4321,0.1239,194.41,0.154,0.5988,81.95,78.52,68.503,76.459,0.9953,0.685,72.508,61.49,78.973,0
VIT_CAR_0119,1707051123575,-0.223,0.476,0.6273,0.0409,195.85,0.491,0.9367,97.15,64.245,59.551,82.299,0.2309,0.5955,57.142,50.249,79.942,0
VIT_CAR_0120,1707051123576,-0.016,-0.193,0.5841,0.7773,102.88,0.769,0.8149,91.67,49.902,34.247,79.597,0.3664,0.3425,36.106,18.868,75.859,1
VIT_CAR_0121,1707051123577,0.354,0.111,0.6498,0.4897,158.92,0.628,0.5115,78.02,55.376,41.101,69.049,0.6151,0.411,44.748,25.882,69.698,0
VIT_CAR_0122,1707051123578,-0.304,-0.084,0.0844,0.9855,108.68,0.467,0.9079,95.86,74.74,57.314,93.379,0.848,0.5731,66.993,44.831,91.221,0
VIT_CAR_0123,1707051123579,-0.18,0.169,0.4158,0.465,172.34,1.191,0.547,79.61,65.389,56.551,75.262,0.2712,0.5655,54.326,47.979,75.483,0
VIT_CAR_0124,1707051123580,0.377,-0.026,0.0416,0.9779,199.97,1.137,0.6829,85.73,74.496,60.259,87.572,0.5162,0.6026,65.82,51.956,92.616,0
VIT_CAR_0125,1707051123581,0.362,0.438,0.494,0.4116,144.57,0.282,0.7537,88.92,66.816,53.733,79.743,0.7977,0.5373,59.112,41.214,78.047,0
VIT_CAR_0126,1707051123582,0.194,0.067,0.3299,0.7937,99.97,0.586,0.7254,87.64,63.777,49.389,82.506,0.4972,0.4939,55.173,38.286,81.499,0
VIT_CAR_0127,1707051123583,-0.158,0.261,0.1445,0.0848,159.51,0.831,0.8274,92.23,89.258,87.816,89.642,0.3511,0.8782,85.344,84.814,90.901,0
VIT_CAR_0128,1707051123584,-0.014,-0.051,0.1034,0.5555,139.02,0.92,0.809,91.4,80.143,72.481,89.994,0.3564,0.7248,75.355,65.989,90.676,0
VIT_CAR_0129,1707051123585,-0.181,-0.234,0.5876,0.8021,187.31,0.535,0.9956,99.8,50.417,33.088,84.941,0.528,0.3309,39.872,17.53,79.586,1
VIT_CAR_0130,1707051123586,-0.247,0.073,0.1706,0.9247,130.84,0.934,0.9997,99.99,69.605,54.285,94.237,0.5835,0.5428,62.421,44.141,93.985,0
VIT_CAR_0131,1707051123587,-0.046,0.179,0.9251,0.8226,194.99,0.28,0.7341,88.03,35.267,11.384,69.669,0.8895,0.1138,19.19,0.0,63.717,1
VIT_CAR_0132,1707051123588,0.111,0.118,0.5811,0.037,122.84,0.498,0.5024,77.61,70.608,62.569,70.287,0.7138,0.6257,63.256,56.18,70.253,0
VIT_CAR_0133,1707051123589,-0.062,0.52,0.3469,0.3727,108.9,0.902,0.8503,93.26,75.036,64.331,85.878,0.7523,0.6433,67.668,56.212,85.131,0
VIT_CAR_0134,1707051123590,0.139,0.315,0.5909,0.0487,126.78,0.807,0.9872,99.42,71.995,61.513,84.615,0.9864,0.6151,65.856,53.689,81.496,0
VIT_CAR_0135,1707051123591,-0.113,0.547,0.0228,0.1093,94.19,1.029,0.6251,83.13,96.427,94.433,86.251,0.5295,0.9443,95.704,91.771,92.425,0
VIT_CAR_0136,1707051123592,-0.073,-0.014,0.9586,0.6753,123.75,0.199,0.7037,86.66,34.129,14.908,68.022,0.5227,0.1491,19.802,0.0,62.912,1
VIT_CAR_0137,1707051123593,0.283,0.381,0.4823,0.7133,169.21,0.333,0.6836,85.76,61.311,42.993,77.898,0.9387,0.4299,51.211,29.813,79.242,0
VIT_CAR_0138,1707051123594,0.353,0.194,0.7827,0.7737,107.07,0.201,0.4783,76.52,39.902,22.069,65.128,0.3967,0.2207,27.104,4.443,63.951,1
VIT_CAR_0139,1707051123595,-0.092,0.239,0.0827,0.8655,103.36,0.352,0.8197,91.89,77.198,61.983,90.772,0.7839,0.6198,70.372,49.758,95.013,0
VIT_CAR_0140,1707051123596,0.107,0.539,0.4867,0.7394,105.89,0.154,0.6443,84.0,59.377,41.729,76.624,0.8037,0.4173,50.024,26.287,75.298,0
VIT_CAR_0141,1707051123597,-0.127,0.273,0.4907,0.8009,99.31,0.679,0.8831,94.74,53.488,39.143,83.698,0.2782,0.3914,43.791,26.121,83.167,0
VIT_CAR_0142,1707051123598,-0.307,0.469,0.9378,0.049,194.96,0.705,0.9077,95.84,50.655,39.994,74.598,0.5746,0.3999,38.789,26.805,67.218,0
VIT_CAR_0143,1707051123599,0.24,0.331,0.5717,0.2345,203.29,0.841,0.9017,95.58,63.525,55.641,82.472,0.3604,0.5564,52.882,42.42,82.098,0
VIT_CAR_0144,1707051123600,-0.213,-0.148,0.4735,0.6219,95.59,0.554,0.6792,85.56,59.239,47.012,77.958,0.3483,0.4701,51.993,35.721,78.907,0
VIT_CAR_0145,1707051123601,-0.009,0.31,0.267,0.8581,181.21,0.153,0.6269,83.21,66.091,50.839,80.932,0.5711,0.5084,57.532,37.704,81.75,0
VIT_CAR_0146,1707051123602,0.04,0.137,0.3316,0.0045,178.46,0.858,0.8619,93.78,82.103,79.272,86.561,0.4315,0.7927,75.852,76.702,84.783,0
VIT_CAR_0147,1707051123603,-0.202,0.485,0.5207,0.5146,209.63,0.207,0.8908,95.08,63.269,48.162,83.268,0.8368,0.4816,52.868,35.595,81.585,0
VIT_CAR_0148,1707051123604,-0.274,0.395,0.4389,0.6773,131.74,1.059,0.7202,87.41,64.33,47.051,79.95,0.9261,0.4705,55.919,34.44,81.375,0
VIT_CAR_0149,1707051123605,-0.072,-0.167,0.0216,0.0296,124.26,0.174,0.9412,97.35,100.0,97.535,95.76,0.8422,0.9753,99.136,98.705,96.187,0
VIT_CAR_0150,1707051123606,0.412,-0.143,0.8263,0.4014,144.37,0.707,0.5291,78.81,46.703,33.518,65.696,0.4128,0.3352,34.036,16.591,64.803,1
VIT_CAR_0151,1707051123607,0.142,-0.194,0.8962,0.8956,192.79,1.09,0.9335,97.01,31.259,10.404,76.289,0.4193,0.104,17.233,0.0,71.055,1
VIT_CAR_0152,1707051123608,-0.045,0.145,0.1402,0.6716,177.43,0.751,0.5029,77.63,75.819,65.783,80.0,0.4038,0.6578,68.004,56.809,85.042,0
VIT_CAR_0153,1707051123609,-0.319,-0.185,0.554,0.2377,146.59,0.789,0.5344,79.05,63.951,56.619,71.844,0.308,0.5662,54.995,47.726,71.059,0
VIT_CAR_0154,1707051123610,0.13,0.329,0.1086,0.8528,119.35,0.866,0.7436,88.46,77.528,60.863,87.92,0.955,0.6086,70.681,48.818,88.908,0
VIT_CAR_0155,1707051123611,-0.276,0.192,0.6722,0.348,177.24,0.279,0.4871,76.92,56.864,45.096,67.825,0.5216,0.451,47.619,29.702,68.954,0
VIT_CAR_0156,1707051123612,0.084,0.419,0.2812,0.8533,192.54,0.859,0.479,76.56,63.934,50.136,76.184,0.3798,0.5014,55.611,38.901,82.009,0
VIT_CAR_0157,1707051123613,0.252,-0.026,0.6594,0.2989,137.99,1.074,0.4503,75.26,61.554,47.756,67.001,0.8773,0.4776,53.575,34.63,70.746,0
VIT_CAR_0158,1707051123614,-0.011,0.165,0.727,0.5903,170.23,1.173,0.69,86.05,48.183,32.494,72.705,0.5194,0.3249,36.352,15.825,71.779,1
VIT_CAR_0159,1707051123615,-0.11,-0.156,0.7686,0.3969,138.03,0.615,0.876,94.42,48.329,37.26,77.371,0.2281,0.3726,37.829,19.744,73.14,0
VIT_CAR_0160,1707051123616,-0.312,0.458,0.1077,0.2748,147.42,0.512,0.4692,76.11,86.438,82.877,79.705,0.3296,0.8288,82.94,77.602,86.336,0
VIT_CAR_0161,1707051123617,-0.33,-0.11,0.916,0.8866,152.99,0.941,0.8087,91.39,32.781,9.518,72.11,0.7114,0.0952,16.593,0.0,66.077,1
VIT_CAR_0162,1707051123618,-0.006,-0.168,0.2302,0.1876,183.09,0.72,0.9027,95.62,86.137,78.598,90.017,0.8263,0.786,82.453,74.895,89.113,0
VIT_CAR_0163,1707051123619,0.357,-0.086,0.0374,0.0848,207.3,0.42,0.5424,79.41,94.969,94.458,83.449,0.3687,0.9446,94.286,91.929,87.405,0
VIT_CAR_0164,1707051123620,-0.155,0.395,0.5549,0.3419,143.32,0.331,0.5308,78.88,66.413,52.606,71.716,0.9339,0.5261,59.075,43.905,71.035,0
VIT_CAR_0165,1707051123621,0.109,-0.165,0.3709,0.7176,131.08,0.329,0.9234,96.55,66.535,49.733,87.543,0.8808,0.4973,58.264,36.336,85.995,0
VIT_CAR_0166,1707051123622,0.197,0.242,0.8298,0.8074,134.83,0.632,0.9027,95.62,40.502,17.871,76.826,0.8787,0.1787,25.789,0.0,71.634,1
VIT_CAR_0167,1707051123623,-0.301,0.347,0.8083,0.9987,106.07,0.329,0.7464,88.59,33.058,11.936,72.611,0.3821,0.1194,15.962,0.0,70.219,1
VIT_CAR_0168,1707051123624,-0.228,0.351,0.3171,0.2964,125.63,0.171,0.9006,95.53,74.32,69.076,88.04,0.2404,0.6908,68.858,61.989,87.515,0
VIT_CAR_0169,1707051123625,-0.085,-0.098,0.9529,0.4079,100.37,0.205,0.501,77.55,43.81,25.418,62.067,0.8939,0.2542,30.431,7.17,60.795,1
VIT_CAR_0170,1707051123626,0.186,-0.201,0.2909,0.1368,141.35,1.126,0.667,85.01,81.146,76.764,81.609,0.4446,0.7676,77.278,71.09,84.113,0
VIT_CAR_0171,1707051123627,0.001,0.109,0.5151,0.5749,110.08,0.227,0.8558,93.51,60.981,46.221,82.342,0.6951,0.4622,54.601,35.291,79.888,0
VIT_CAR_0172,1707051123628,0.237,-0.088,0.256,0.9976,131.57,0.227,0.5916,81.62,65.212,46.222,80.117,0.808,0.4622,54.627,34.862,83.589,0
VIT_CAR_0173,1707051123629,0.344,0.309,0.936,0.7009,185.23,0.624,0.8638,93.87,32.926,15.332,73.32,0.3026,0.1533,18.356,0.0,66.378,1
VIT_CAR_0174,1707051123630,0.257,0.035,0.1646,0.5952,119.51,0.407,0.7273,87.73,79.753,67.176,86.198,0.8247,0.6718,75.378,58.856,88.708,0
VIT_CAR_0175,1707051123631,0.444,0.109,0.0449,0.3924,163.43,1.161,0.8626,93.82,91.854,82.306,92.891,0.9508,0.8231,88.761,77.888,95.183,0
VIT_CAR_0176,1707051123632,0.253,-0.159,0.4351,0.9153,198.14,1.107,0.7056,86.75,57.669,38.243,79.595,0.7827,0.3824,49.983,21.519,78.643,0
VIT_CAR_0177,1707051123633,0.332,0.204,0.9924,0.4969,158.03,0.575,0.6523,84.36,36.894,19.59,65.738,0.553,0.1959,21.933,0.644,62.049,1
VIT_CAR_0178,1707051123634,0.316,-0.102,0.8917,0.1344,113.26,0.621,0.5706,80.67,53.619,39.61,65.5,0.9013,0.3961,43.356,25.791,62.584,0
VIT_CAR_0179,1707051123635,0.234,0.293,0.7486,0.3654,131.37,0.544,0.5646,80.41,53.279,39.702,68.469,0.622,0.397,41.288,27.278,66.915,0
VIT_CAR_0180,1707051123636,0.291,-0.193,0.8908,0.0672,160.84,0.19,0.8633,93.85,54.433,42.219,74.302,0.7958,0.4222,43.637,30.887,67.129,0
VIT_CAR_0181,1707051123637,0.398,0.531,0.8934,0.202,150.79,0.457,0.5154,78.19,51.545,36.931,63.806,0.8564,0.3693,40.676,21.909,64.372,0
VIT_CAR_0182,1707051123638,0.03,0.298,0.5189,0.0177,107.83,0.279,0.4973,77.38,74.991,67.159,71.504,0.7995,0.6716,70.43,59.398,74.984,0
VIT_CAR_0183,1707051123639,0.161,-0.105,0.3159,0.4533,143.62,0.257,0.547,79.61,72.135,63.188,77.458,0.4303,0.6319,65.966,55.228,81.174,0
VIT_CAR_0184,1707051123640,0.062,-0.239,0.772,0.6345,155.17,0.739,0.5464,79.59,42.981,28.023,67.409,0.2943,0.2802,31.935,9.991,69.634,1
VIT_CAR_0185,1707051123641,0.331,0.018,0.6617,0.3433,122.08,0.254,0.9027,95.62,56.48,45.932,80.525,0.3907,0.4593,46.656,34.119,76.115,0
VIT_CAR_0186,1707051123642,-0.005,-0.128,0.3737,0.4204,163.49,0.258,0.6692,85.11,71.299,60.859,79.855,0.6023,0.6086,63.748,51.292,85.383,0
VIT_CAR_0187,1707051123643,0.306,-0.075,0.0945,0.9592,98.42,0.655,0.9947,99.76,72.9,57.693,95.763,0.6042,0.5769,69.203,45.324,94.73,0
VIT_CAR_0188,1707051123644,0.289,0.448,0.7468,0.752,130.39,0.614,0.5255,78.65,44.449,25.124,67.335,0.6661,0.2512,31.562,5.715,67.437,1
VIT_CAR_0189,1707051123645,0.42,0.233,0.2625,0.5409,186.51,0.295,0.8094,91.43,73.5,63.175,86.509,0.5161,0.6317,65.748,56.262,86.1,0
VIT_CAR_0190,1707051123646,-0.151,-0.109,0.9368,0.2845,121.11,0.155,0.6968,86.36,47.093,31.105,68.294,0.8295,0.3111,33.755,14.91,64.997,1
VIT_CAR_0191,1707051123647,0.218,0.195,0.241,0.897,162.62,0.353,0.6661,84.97,69.386,50.974,82.682,0.9305,0.5097,59.042,41.091,86.014,0
VIT_CAR_0192,1707051123648,0.256,-0.045,0.1228,0.2351,139.2,0.398,0.9313,96.91,87.153,83.455,93.238,0.3974,0.8346,85.562,78.615,92.91,0
VIT_CAR_0193,1707051123649,0.399,0.531,0.8311,0.3253,127.98,0.99,0.9866,99.4,51.288,36.108,79.313,0.7892,0.3611,39.321,21.656,75.49,0
VIT_CAR_0194,1707051123650,0.376,-0.224,0.1533,0.9091,199.94,1.111,0.9301,96.85,72.151,55.952,92.53,0.7424,0.5595,64.292,48.304,92.501,0
VIT_CAR_0195,1707051123651,0.109,0.336,0.1793,0.5295,131.19,0.576,0.5558,80.01,78.917,68.763,80.729,0.6185,0.6876,73.143,59.372,85.031,0
VIT_CAR_0196,1707051123652,0.113,0.368,0.5994,0.7423,118.4,0.575,0.5714,80.71,49.823,34.63,71.957,0.3508,0.3463,39.131,15.969,70.941,1
VIT_CAR_0197,1707051123653,-0.216,-0.196,0.8746,0.5907,199.12,0.898,0.8108,91.49,43.034,23.329,73.085,0.8362,0.2333,28.009,7.107,68.986,1
VIT_CAR_0198,1707051123654,0.43,-0.113,0.1964,0.6534,179.51,0.808,0.609,82.4,77.851,62.99,81.948,0.9685,0.6299,69.503,52.466,84.868,0
VIT_CAR_0199,1707051123655,-0.146,0.057,0.3103,0.2994,171.82,0.343,0.8541,93.43,78.898,69.383,86.796,0.7775,0.6938,73.725,62.014,85.152,0
VIT_CAR_0200,1707051123656,0.23,0.445,0.7774,0.2414,95.94,0.263,0.7615,89.27,57.256,42.629,73.743,0.9343,0.4263,47.917,28.452,69.221,0
VIT_CAR_0201,1707051123657,0.287,0.18,0.9718,0.3225,105.74,0.609,0.753,88.88,45.624,27.492,69.21,0.9873,0.2749,33.175,11.064,68.407,1
VIT_CAR_0202,1707051123658,0.003,0.274,0.5007,0.1554,166.6,0.743,0.9057,95.76,70.084,63.047,84.155,0.4816,0.6305,62.274,53.057,80.885,0
VIT_CAR_0203,1707051123659,-0.181,0.376,0.1439,0.8743,115.13,0.296,0.8408,92.84,73.218,57.854,90.058,0.7106,0.5785,66.532,46.827,88.632,0
VIT_CAR_0204,1707051123660,-0.199,0.412,0.0139,0.2832,117.08,0.458,0.4646,75.91,93.111,88.373,81.632,0.5791,0.8837,89.859,86.02,86.898,0
VIT_CAR_0205,1707051123661,0.335,0.131,0.2297,0.5615,183.5,0.471,0.4772,76.47,78.497,64.425,77.264,0.9893,0.6442,71.258,54.082,81.623,0
VIT_CAR_0206,1707051123662,0.059,0.157,0.1318,0.792,124.31,0.424,0.7809,90.14,72.338,61.732,88.526,0.275,0.6173,63.928,50.917,90.921,0
VIT_CAR_0207,1707051123663,-0.278,0.324,0.6777,0.7838,98.59,0.634,0.7174,87.28,46.189,28.2,74.614,0.5299,0.282,35.2,10.353,73.416,1
VIT_CAR_0208,1707051123664,0.224,-0.039,0.1218,0.4384,94.37,0.836,0.5931,81.69,86.347,75.788,83.113,0.9004,0.7579,82.888,67.555,88.036,0
VIT_CAR_0209,1707051123665,-0.15,0.434,0.5063,0.4763,143.18,0.685,0.6803,85.61,61.659,50.51,77.269,0.4272,0.5051,53.663,38.025,76.088,0
VIT_CAR_0210,1707051123666,0.351,-0.233,0.6943,0.9947,164.06,0.362,0.8669,94.01,42.667,19.157,78.732,0.8302,0.1916,29.938,0.0,75.286,1
VIT_CAR_0211,1707051123667,-0.102,-0.093,0.5811,0.6746,194.27,0.258,0.9046,95.71,53.641,38.336,82.355,0.5062,0.3834,46.746,22.855,77.536,0
VIT_CAR_0212,1707051123668,-0.19,0.39,0.1998,0.8146,103.3,1.013,0.7587,89.14,73.932,56.658,86.365,0.984,0.5666,63.468,45.307,86.733,0
VIT_CAR_0213,1707051123669,-0.282,0.022,0.8041,0.9026,113.6,0.653,0.662,84.79,39.779,15.847,70.168,0.9068,0.1585,23.508,0.0,66.415,1
VIT_CAR_0214,1707051123670,0.059,-0.13,0.7154,0.7876,153.58,0.215,0.5989,81.95,43.425,25.716,70.228,0.4411,0.2572,29.118,6.841,67.535,1
VIT_CAR_0215,1707051123671,0.011,-0.101,0.739,0.1852,133.69,0.421,0.7371,88.17,59.658,47.146,73.854,0.8162,0.4715,48.956,35.985,72.694,0
VIT_CAR_0216,1707051123672,0.251,0.175,0.1311,0.5622,147.9,0.994,0.6231,83.04,79.449,70.512,83.81,0.4695,0.7051,72.456,65.209,88.317,0
VIT_CAR_0217,1707051123673,0.022,0.427,0.1238,0.1019,200.89,0.939,0.7603,89.21,92.6,88.455,88.085,0.6851,0.8846,90.076,85.007,91.437,0
VIT_CAR_0218,1707051123674,-0.075,-0.193,0.9276,0.6529,155.39,1.07,0.8222,92.0,37.911,17.68,72.258,0.7268,0.1768,21.312,0.0,67.031,1
VIT_CAR_0219,1707051123675,-0.141,-0.226,0.3976,0.9553,139.81,0.782,0.4863,76.89,59.307,39.047,73.844,0.8637,0.3905,48.749,23.568,77.992,0
VIT_CAR_0220,1707051123676,-0.127,0.122,0.3009,0.5127,208.73,0.594,0.4506,75.28,69.802,61.857,74.897,0.2196,0.6186,62.98,53.065,76.44,0
VIT_CAR_0221,1707051123677,0.392,0.515,0.4886,0.433,97.83,0.598,0.5668,80.5,63.211,53.255,74.254,0.3761,0.5325,55.528,44.434,76.839,0
VIT_CAR_0222,1707051123678,-0.218,-0.027,0.6629,0.0358,201.85,0.354,0.942,97.39,66.827,57.54,81.676,0.7695,0.5754,60.046,48.665,77.335,0
VIT_CAR_0223,1707051123679,0.441,0.517,0.9556,0.9598,150.2,0.833,0.8055,91.25,28.48,4.28,71.14,0.6508,0.0428,12.154,0.0,66.77,1
VIT_CAR_0224,1707051123680,-0.088,0.46,0.2864,0.103,150.45,0.764,0.5446,79.51,83.405,78.326,78.036,0.5965,0.7833,78.973,73.967,81.779,0
VIT_CAR_0225,1707051123681,-0.279,-0.023,0.9248,0.0411,200.64,0.313,0.9396,97.28,48.877,41.101,75.844,0.2442,0.411,41.599,29.592,67.689,0
VIT_CAR_0226,1707051123682,-0.151,0.404,0.0249,0.2461,150.88,1.08,0.7085,86.88,92.631,89.108,88.707,0.4786,0.8911,90.986,85.967,89.76,0
VIT_CAR_0227,1707051123683,-0.303,0.299,0.5552,0.0655,142.61,0.537,0.7119,87.03,72.694,63.088,77.141,0.8921,0.6309,63.334,56.153,75.089,0
VIT_CAR_0228,1707051123684,0.282,0.159,0.634,0.4551,122.7,0.202,0.9645,98.4,53.908,43.399,82.989,0.2247,0.434,42.245,28.937,79.19,0
VIT_CAR_0229,1707051123685,0.06,0.088,0.1059,0.5161,169.06,0.494,0.4827,76.72,82.244,73.823,80.152,0.5171,0.7382,74.856,64.951,86.547,0
VIT_CAR_0230,1707051123686,-0.08,0.402,0.1403,0.3126,158.36,1.063,0.5683,80.58,88.85,79.421,81.963,0.9561,0.7942,85.144,74.543,83.968,0
VIT_CAR_0231,1707051123687,0.18,0.384,0.4191,0.051,115.72,1.113,0.7722,89.75,74.909,72.078,81.945,0.2407,0.7208,69.759,63.066,79.854,0
VIT_CAR_0232,1707051123688,0.155,0.356,0.9662,0.1116,175.13,0.665,0.5575,80.09,49.476,35.853,63.468,0.7998,0.3585,37.363,20.85,59.964,0
VIT_CAR_0233,1707051123689,0.402,0.549,0.596,0.3845,167.29,1.154,0.8237,92.07,59.026,48.434,79.599,0.4061,0.4843,52.795,38.175,76.41,0
VIT_CAR_0234,1707051123690,0.419,0.133,0.933,0.0605,137.68,1.069,0.5678,80.55,53.176,39.852,64.506,0.8933,0.3985,43.313,23.32,60.186,0
VIT_CAR_0235,1707051123691,0.195,0.396,0.8044,0.6982,90.53,1.016,0.5045,77.7,43.792,23.598,65.44,0.7969,0.236,31.145,3.436,62.818,1
VIT_CAR_0236,1707051123692,0.304,0.44,0.4674,0.207,143.59,1.053,0.5638,80.37,73.996,63.156,74.633,0.9086,0.6316,66.009,52.994,74.895,0
VIT_CAR_0237,1707051123693,0.284,-0.081,0.7848,0.3021,90.73,0.551,0.6825,85.71,50.925,39.866,71.21,0.3727,0.3987,38.679,25.764,68.872,0
VIT_CAR_0238,1707051123694,0.043,-0.216,0.0178,0.3941,99.0,0.944,0.5469,79.61,90.614,83.917,84.014,0.625,0.8392,87.714,79.178,87.538,0
VIT_CAR_0239,1707051123695,0.214,0.074,0.1091,0.4166,141.67,0.756,0.5241,78.58,86.913,77.402,81.321,0.8234,0.774,83.056,73.806,85.985,0
VIT_CAR_0240,1707051123696,-0.287,0.435,0.8294,0.0017,99.83,0.906,0.9232,96.54,56.002,48.512,77.447,0.3966,0.4851,44.083,38.315,73.322,0
VIT_CAR_0241,1707051123697,0.256,-0.019,0.7968,0.1121,123.08,0.337,0.6262,83.18,54.953,46.339,69.257,0.3846,0.4634,45.133,34.805,65.415,0
VIT_CAR_0242,1707051123698,0.419,0.31,0.2326,0.8628,168.66,0.918,0.6484,84.18,64.97,52.791,82.334,0.2217,0.5279,56.393,41.125,84.383,0
VIT_CAR_0243,1707051123699,-0.282,-0.244,0.5308,0.0012,127.03,1.155,0.4804,76.62,76.105,67.045,70.735,0.9668,0.6705,69.935,60.192,74.261,0
VIT_CAR_0244,1707051123700,0.319,0.034,0.606,0.5082,209.72,0.468,0.6466,84.09,58.435,43.117,74.064,0.768,0.4312,46.992,28.258,72.83,0
VIT_CAR_0245,1707051123701,0.396,0.242,0.8677,0.4895,199.96,1.185,0.5956,81.8,44.797,27.599,66.779,0.7084,0.276,31.016,11.842,63.829,1
VIT_CAR_0246,1707051123702,-0.169,-0.146,0.6031,0.3331,160.24,0.547,0.7858,90.36,63.006,49.95,78.305,0.7952,0.4995,53.775,36.507,77.796,0
VIT_CAR_0247,1707051123703,0.07,0.467,0.4126,0.4313,206.03,0.36,0.563,80.33,69.197,58.03,75.812,0.6253,0.5803,61.775,49.194,77.297,0
VIT_CAR_0248,1707051123704,0.392,-0.125,0.3742,0.7806,194.16,0.268,0.9386,97.24,62.456,47.139,87.926,0.5809,0.4714,53.783,35.873,87.326,0
VIT_CAR_0249,1707051123705,0.418,0.478,0.4259,0.8412,128.27,0.974,0.9613,98.26,58.142,41.63,87.47,0.5596,0.4163,49.19,27.571,85.171,0
VIT_CAR_0250,1707051123706,-0.248,-0.077,0.6519,0.2603,179.95,0.733,0.5049,77.72,61.55,49.687,68.805,0.7124,0.4969,52.115,37.692,69.016,0
VIT_CAR_0251,1707051123707,-0.071,0.545,0.8675,0.3225,106.42,0.472,0.5091,77.91,46.041,33.961,64.187,0.3612,0.3396,33.556,19.192,63.858,1
VIT_CAR_0252,1707051123708,0.209,0.234,0.4539,0.2425,172.15,0.789,0.5134,78.1,73.861,62.644,73.417,0.9104,0.6264,67.828,49.572,76.105,0
VIT_CAR_0253,1707051123709,-0.173,-0.183,0.2478,0.4799,148.93,0.499,0.7908,90.58,78.391,66.399,86.27,0.8494,0.664,73.222,58.584,88.33,0
VIT_CAR_0254,1707051123710,-0.09,-0.198,0.2367,0.6833,92.02,0.621,0.5171,78.27,71.133,59.363,78.306,0.4797,0.5936,63.095,49.047,81.385,0
VIT_CAR_0255,1707051123711,-0.331,-0.19,0.746,0.2283,122.91,1.056,0.9188,96.35,57.032,45.074,79.152,0.6629,0.4507,48.414,32.271,74.22,0
VIT_CAR_0256,1707051123712,-0.227,0.222,0.8166,0.3307,204.65,0.852,0.8648,93.92,48.103,36.805,75.981,0.3128,0.368,38.275,23.125,70.978,0
VIT_CAR_0257,1707051123713,0.1,0.398,0.1053,0.9304,127.9,0.951,0.9009,95.54,76.019,58.118,92.711,0.9779,0.5812,70.286,47.228,94.114,0
VIT_CAR_0258,1707051123714,0.172,0.072,0.0666,0.0486,111.77,0.763,0.7393,88.27,98.752,94.028,88.716,0.9223,0.9403,100.0,90.9,89.773,0
VIT_CAR_0259,1707051123715,0.169,0.106,0.5944,0.4608,112.5,1.191,0.9982,99.92,61.531,45.636,84.868,0.9375,0.4564,50.467,32.494,81.66,0
VIT_CAR_0260,1707051123716,0.273,0.221,0.1462,0.7116,147.51,0.403,0.4743,76.34,75.047,63.898,79.013,0.4657,0.639,68.479,54.837,84.852,0
VIT_CAR_0261,1707051123717,-0.018,0.176,0.8247,0.1505,191.12,0.425,0.6707,85.18,52.189,43.154,69.978,0.3353,0.4315,42.081,30.276,65.357,0
VIT_CAR_0262,1707051123718,-0.131,0.3,0.3103,0.0474,180.96,0.247,0.6282,83.27,81.681,78.959,80.018,0.3694,0.7896,77.789,74.383,83.809,0
VIT_CAR_0263,1707051123719,-0.338,0.127,0.1439,0.1382,142.42,0.732,0.9718,98.73,87.378,85.828,93.987,0.272,0.8583,83.854,83.991,96.527,0
VIT_CAR_0264,1707051123720,-0.185,0.321,0.921,0.9188,115.05,0.794,0.7673,89.53,28.426,7.985,70.757,0.2961,0.0798,9.636,0.0,67.685,1
VIT_CAR_0265,1707051123721,-0.1,0.548,0.1655,0.0093,95.53,0.912,0.8934,95.2,89.226,89.385,91.16,0.257,0.8939,87.48,87.239,93.256,0
VIT_CAR_0266,1707051123722,-0.207,0.03,0.2847,0.1883,145.52,0.502,0.5437,79.47,84.61,75.191,78.047,0.9919,0.7519,79.007,71.257,81.373,0
VIT_CAR_0267,1707051123723,-0.334,-0.24,0.1536,0.0313,187.77,0.163,0.9882,99.47,89.335,89.287,94.268,0.2592,0.8929,87.556,84.222,90.688,0
VIT_CAR_0268,1707051123724,-0.224,-0.149,0.1155,0.1106,177.56,0.814,0.7243,87.59,89.788,88.636,87.187,0.306,0.8864,86.552,86.182,86.806,0
VIT_CAR_0269,1707051123725,0.183,0.193,0.0211,0.6201,139.03,1.199,0.7215,87.47,86.911,75.123,89.18,0.8618,0.7512,80.688,67.748,92.736,0
VIT_CAR_0270,1707051123726,0.154,0.025,0.0554,0.2416,161.36,0.459,0.984,99.28,92.634,87.383,96.301,0.6642,0.8738,90.684,83.635,95.162,0
VIT_CAR_0271,1707051123727,0.399,0.502,0.1746,0.5692,142.35,0.343,0.6594,84.67,79.814,67.542,83.94,0.8195,0.6754,74.135,58.048,85.258,0
VIT_CAR_0272,1707051123728,0.289,0.252,0.0534,0.5902,159.48,0.446,0.6686,85.09,84.697,74.263,86.885,0.7047,0.7426,80.848,67.359,90.34,0
VIT_CAR_0273,1707051123729,0.104,0.166,0.5911,0.8494,152.1,0.597,0.7716,89.72,52.12,31.071,78.143,0.9057,0.3107,42.95,17.062,77.078,1
VIT_CAR_0274,1707051123730,-0.24,0.388,0.6807,0.0047,171.72,0.413,0.5204,78.42,66.175,57.616,68.637,0.7108,0.5762,59.07,46.141,66.767,0
VIT_CAR_0275,1707051123731,0.101,-0.043,0.3936,0.8534,150.93,0.514,0.6266,83.2,59.992,43.167,78.138,0.6177,0.4317,50.416,27.368,78.797,0
VIT_CAR_0276,1707051123732,-0.301,0.406,0.318,0.6191,202.87,0.82,0.5563,80.03,70.767,56.758,77.692,0.7702,0.5676,61.319,44.162,82.738,0
VIT_CAR_0277,1707051123733,-0.005,-0.248,0.5045,0.1627,141.36,0.512,0.5068,77.81,70.322,62.535,72.105,0.5579,0.6254,61.703,56.435,72.374,0
VIT_CAR_0278,1707051123734,-0.038,0.246,0.875,0.7729,91.91,0.566,0.9264,96.69,35.764,16.378,76.541,0.4769,0.1638,23.103,0.0,71.729,1
VIT_CAR_0279,1707051123735,-0.008,0.498,0.8511,0.8555,118.36,0.192,0.7741,89.84,35.802,14.721,72.499,0.5741,0.1472,19.066,0.0,67.673,1
VIT_CAR_0280,1707051123736,-0.126,0.38,0.0435,0.2543,150.07,1.114,0.6473,84.13,90.323,87.643,86.462,0.3358,0.8764,86.499,83.887,91.165,0
VIT_CAR_0281,1707051123737,0.199,0.433,0.1815,0.9188,154.87,0.577,0.6748,85.36,71.209,53.833,84.25,0.8373,0.5383,62.722,40.687,88.347,0
VIT_CAR_0282,1707051123738,0.323,0.068,0.2367,0.4545,156.29,0.495,0.6873,85.93,76.051,68.052,83.412,0.4086,0.6805,70.13,59.841,86.382,0
VIT_CAR_0283,1707051123739,0.265,0.409,0.2494,0.6034,175.75,0.241,0.7982,90.92,71.132,61.608,86.46,0.3228,0.6161,62.811,55.77,88.25,0
VIT_CAR_0284,1707051123740,0.152,0.191,0.5712,0.9846,122.96,0.816,0.9597,98.19,45.841,27.167,84.225,0.3971,0.2717,32.207,11.411,78.411,1
VIT_CAR_0285,1707051123741,0.081,0.245,0.4163,0.3615,169.79,1.057,0.963,98.34,72.667,60.453,87.733,0.8737,0.6045,67.401,49.731,86.517,0
VIT_CAR_0286,1707051123742,-0.325,-0.203,0.0493,0.8132,174.48,0.193,0.6653,84.94,77.636,66.046,86.876,0.4642,0.6605,70.193,58.196,89.219,0
VIT_CAR_0287,1707051123743,0.228,-0.089,0.3736,0.3184,139.35,0.303,0.6311,83.4,74.921,64.737,78.713,0.7488,0.6474,66.492,55.075,80.541,0
VIT_CAR_0288,1707051123744,0.086,0.191,0.5238,0.7992,138.26,0.304,0.6981,86.41,56.665,37.157,77.42,0.8851,0.3716,46.723,19.168,77.24,0
VIT_CAR_0289,1707051123745,-0.133,-0.203,0.1017,0.6007,111.47,0.782,0.7624,89.31,78.393,70.868,88.634,0.2622,0.7087,73.808,64.967,91.4,0
VIT_CAR_0290,1707051123746,-0.088,0.343,0.8335,0.2164,139.68,1.117,0.704,86.68,53.964,40.104,70.784,0.812,0.401,42.35,28.012,68.174,0
VIT_CAR_0291,1707051123747,0.398,0.422,0.052,0.414,184.42,0.61,0.8123,91.55,86.93,81.045,91.226,0.4461,0.8105,81.087,77.747,91.797,0
VIT_CAR_0292,1707051123748,0.149,0.486,0.9248,0.3176,199.08,0.511,0.7549,88.97,43.271,30.59,70.301,0.3733,0.3059,29.758,13.761,63.818,1
VIT_CAR_0293,1707051123749,0.031,-0.169,0.0991,0.0781,161.23,0.954,0.6264,83.19,94.98,90.887,84.611,0.7511,0.9089,93.261,88.468,89.61,0
VIT_CAR_0294,1707051123750,0.147,0.502,0.8436,0.0298,125.92,0.93,0.6402,83.81,58.841,46.565,68.646,0.9278,0.4656,51.101,35.581,66.494,0
VIT_CAR_0295,1707051123751,-0.019,-0.196,0.9027,0.3465,171.87,0.409,0.6582,84.62,44.235,30.869,67.888,0.436,0.3087,30.325,15.355,66.493,1
VIT_CAR_0296,1707051123752,0.026,0.129,0.9796,0.019,178.82,0.319,0.5021,77.59,49.846,38.543,61.511,0.6551,0.3854,38.811,24.049,59.583,0
VIT_CAR_0297,1707051123753,-0.118,0.422,0.802,0.1655,129.87,0.526,0.5413,79.36,53.778,43.986,66.595,0.4319,0.4399,44.81,28.674,63.575,0
VIT_CAR_0298,1707051123754,0.002,-0.194,0.7795,0.7252,189.19,0.964,0.8477,93.15,43.21,24.115,76.283,0.6434,0.2412,25.988,6.122,73.324,1
VIT_CAR_0299,1707051123755,0.198,-0.235,0.6425,0.7081,98.84,0.88,0.664,84.88,51.177,33.259,73.785,0.6975,0.3326,40.703,18.801,72.122,1
VIT_CAR_0300,1707051123756,-0.318,-0.23,0.779,0.7386,91.29,0.849,0.568,80.56,43.272,23.636,67.902,0.6883,0.2364,27.76,3.548,67.367,1
VIT_CAR_0301,1707051123757,0.286,0.159,0.1346,0.3172,104.76,1.021,0.7595,89.18,86.982,79.606,87.824,0.6988,0.7961,83.78,75.509,88.663,0
VIT_CAR_0302,1707051123758,-0.124,0.399,0.5361,0.89,108.72,0.441,0.8655,93.95,49.229,32.943,82.173,0.3081,0.3294,37.472,17.035,81.964,1
VIT_CAR_0303,1707051123759,0.196,-0.148,0.5142,0.5938,195.47,0.507,0.5916,81.62,61.047,45.553,74.435,0.7548,0.4555,52.861,33.54,73.907,0
VIT_CAR_0304,1707051123760,0.164,-0.15,0.8576,0.126,141.0,0.194,0.9047,95.71,54.3,42.042,76.275,0.7398,0.4204,44.811,30.083,70.052,0
VIT_CAR_0305,1707051123761,0.172,0.205,0.4628,0.1437,122.99,1.062,0.9601,98.21,74.454,65.845,86.622,0.7461,0.6585,64.791,56.887,83.559,0
VIT_CAR_0306,1707051123762,0.137,-0.063,0.3851,0.6931,141.49,0.762,0.7786,90.04,61.415,49.787,82.885,0.2593,0.4979,51.15,35.039,80.823,0
VIT_CAR_0307,1707051123763,0.417,0.334,0.6396,0.1729,137.38,0.463,0.8179,91.81,63.052,53.775,78.467,0.5575,0.5378,55.013,42.292,76.031,0
VIT_CAR_0308,1707051123764,0.057,0.51,0.2665,0.5073,126.18,0.223,0.4789,76.55,74.187,64.202,76.505,0.5272,0.642,67.412,56.732,83.044,0
VIT_CAR_0309,1707051123765,0.236,0.363,0.1398,0.9918,106.55,0.91,0.97,98.65,67.084,53.647,94.026,0.2694,0.5365,59.321,40.959,92.532,0
VIT_CAR_0310,1707051123766,0.214,0.452,0.4779,0.004,168.71,0.936,0.6659,84.96,74.077,70.219,77.463,0.3779,0.7022,69.977,62.448,78.242,0
VIT_CAR_0311,1707051123767,-0.161,0.166,0.4169,0.0166,106.39,0.849,0.9581,98.12,78.346,73.523,87.573,0.5528,0.7352,74.557,64.789,80.616,0
VIT_CAR_0312,1707051123768,-0.123,0.416,0.2326,0.9931,183.05,0.364,0.7684,89.58,66.427,47.843,85.937,0.7943,0.4784,56.596,37.286,86.796,0
VIT_CAR_0313,1707051123769,-0.011,-0.104,0.3675,0.5846,114.2,1.109,0.4525,75.36,65.975,54.998,73.491,0.3896,0.55,55.071,45.245,76.651,0
VIT_CAR_0314,1707051123770,-0.128,-0.195,0.3664,0.1269,177.76,0.941,0.4712,76.2,80.812,72.461,74.075,0.8638,0.7246,75.21,67.217,76.262,0
VIT_CAR_0315,1707051123771,-0.057,0.275,0.3275,0.8973,186.67,0.841,0.8242,92.09,62.528,45.598,85.522,0.6366,0.456,53.269,33.491,86.633,0
VIT_CAR_0316,1707051123772,-0.037,-0.208,0.3795,0.8804,105.04,0.833,0.7595,89.18,61.605,43.019,82.436,0.8083,0.4302,49.633,29.768,81.797,0
VIT_CAR_0317,1707051123773,0.133,0.464,0.6857,0.5362,100.41,1.1,0.4646,75.91,52.097,37.108,66.851,0.578,0.3711,41.747,21.779,67.524,0
VIT_CAR_0318,1707051123774,-0.174,0.303,0.2969,0.6218,203.95,1.125,0.8589,93.65,70.434,57.966,87.236,0.5994,0.5797,64.179,47.346,85.988,0
VIT_CAR_0319,1707051123775,0.293,0.512,0.9489,0.2732,145.57,0.775,0.9187,96.34,45.669,30.79,74.686,0.6958,0.3079,33.51,14.132,65.195,1
VIT_CAR_0320,1707051123776,0.0,0.001,0.9163,0.0505,165.63,0.588,0.723,87.54,54.676,41.267,69.531,0.9424,0.4127,39.647,31.885,63.826,0
VIT_CAR_0321,1707051123777,0.215,0.139,0.4809,0.5946,92.79,0.532,0.7062,86.78,61.471,47.59,78.605,0.5935,0.4759,50.102,35.745,79.725,0
VIT_CAR_0322,1707051123778,-0.285,0.343,0.3284,0.2948,123.45,1.01,0.453,75.39,76.835,68.441,74.366,0.6229,0.6844,73.989,60.201,75.138,0
VIT_CAR_0323,1707051123779,0.026,-0.056,0.5354,0.6636,150.65,0.827,0.8827,94.72,57.683,41.585,82.7,0.6816,0.4159,46.328,28.151,78.675,0
VIT_CAR_0324,1707051123780,-0.327,0.183,0.8486,0.8362,196.35,0.231,0.6319,83.44,38.125,15.612,68.288,0.79,0.1561,19.961,0.0,65.318,1
VIT_CAR_0325,1707051123781,0.191,0.278,0.6526,0.0182,122.57,0.299,0.9333,97.0,63.689,58.849,81.643,0.2575,0.5885,58.237,51.788,79.838,0
VIT_CAR_0326,1707051123782,-0.075,0.533,0.8044,0.5957,183.02,1.095,0.6552,84.48,44.775,27.491,69.959,0.6125,0.2749,31.777,9.28,68.814,1
VIT_CAR_0327,1707051123783,0.409,0.346,0.5327,0.2313,169.47,1.079,0.7608,89.24,67.43,58.183,79.104,0.5853,0.5818,61.608,49.163,76.877,0
VIT_CAR_0328,1707051123784,-0.091,-0.155,0.6329,0.8739,103.83,1.149,0.5987,81.94,49.614,27.551,72.036,0.9373,0.2755,36.95,11.551,73.746,1
VIT_CAR_0329,1707051123785,0.101,0.13,0.2882,0.2537,125.21,0.599,0.5383,79.22,79.686,72.495,77.81,0.5948,0.725,75.429,66.501,79.934,0
VIT_CAR_0330,1707051123786,-0.144,0.221,0.7349,0.6108,118.54,0.973,0.8762,94.43,47.724,31.227,78.118,0.5747,0.3123,35.91,14.973,75.238,1
VIT_CAR_0331,1707051123787,0.146,-0.133,0.2024,0.5535,143.1,1.02,0.7231,87.54,79.948,66.416,85.241,0.9698,0.6642,74.893,58.063,84.906,0
VIT_CAR_0332,1707051123788,0.024,0.096,0.6948,0.3962,166.24,0.481,0.7451,88.53,54.846,41.868,75.066,0.5605,0.4187,47.846,28.095,74.177,0
VIT_CAR_0333,1707051123789,-0.053,-0.023,0.8607,0.6776,142.01,0.303,0.981,99.14,37.737,20.886,78.494,0.3447,0.2089,24.983,1.195,71.227,1
VIT_CAR_0334,1707051123790,-0.187,-0.155,0.1321,0.7258,119.34,1.197,0.98,99.1,74.7,64.23,94.493,0.3735,0.6423,65.796,54.449,92.134,0
VIT_CAR_0335,1707051123791,-0.261,0.16,0.6144,0.5669,173.51,0.182,0.9206,96.43,52.655,40.365,82.102,0.2762,0.4036,42.598,28.314,77.814,0
VIT_CAR_0336,1707051123792,-0.254,-0.117,0.0951,0.7584,160.14,0.777,0.5532,79.89,74.457,65.284,82.503,0.2005,0.6528,69.814,56.206,87.52,0
VIT_CAR_0337,1707051123793,0.449,0.222,0.7257,0.9834,152.32,0.833,0.7768,89.96,39.025,17.636,75.34,0.5456,0.1764,25.962,0.0,71.47,1
VIT_CAR_0338,1707051123794,-0.02,-0.114,0.0845,0.4193,156.53,0.866,0.933,96.98,88.067,78.829,94.131,0.8154,0.7883,83.563,72.679,95.09,0
VIT_CAR_0339,1707051123795,-0.348,0.329,0.9359,0.5146,116.63,0.418,0.656,84.52,41.275,22.418,67.088,0.7868,0.2242,29.125,5.819,62.855,1
VIT_CAR_0340,1707051123796,0.412,-0.094,0.1374,0.0125,171.65,0.908,0.5056,77.75,90.361,91.007,80.145,0.2257,0.9101,90.154,89.972,85.909,0
VIT_CAR_0341,1707051123797,-0.334,0.467,0.9589,0.796,136.5,0.377,0.896,95.32,32.281,10.3,73.786,0.656,0.103,20.02,0.0,68.025,1
VIT_CAR_0342,1707051123798,-0.015,-0.229,0.8009,0.5202,133.62,1.02,0.715,87.17,44.456,30.576,71.83,0.3234,0.3058,30.88,13.775,68.752,1
VIT_CAR_0343,1707051123799,0.224,0.168,0.5937,0.408,107.97,0.38,0.7604,89.22,62.96,47.689,77.751,0.9529,0.4769,52.813,36.158,75.215,0
VIT_CAR_0344,1707051123800,0.382,0.006,0.7826,0.0941,161.62,0.882,0.9902,99.56,55.717,47.903,80.488,0.3339,0.479,45.99,35.04,74.572,0
VIT_CAR_0345,1707051123801,0.22,-0.07,0.7951,0.8897,162.32,0.973,0.784,90.28,38.913,16.896,74.026,0.7013,0.169,23.204,0.0,71.083,1
VIT_CAR_0346,1707051123802,0.021,0.127,0.946,0.395,130.84,0.348,0.6837,85.77,41.014,26.336,67.7,0.461,0.2634,26.508,10.596,67.019,1
VIT_CAR_0347,1707051123803,0.43,0.424,0.2534,0.6826,193.18,0.4,0.6535,84.41,72.148,58.352,82.03,0.7132,0.5835,60.439,49.29,85.57,0
VIT_CAR_0348,1707051123804,-0.319,0.482,0.5901,0.1494,191.45,0.968,0.6797,85.59,65.97,57.739,75.409,0.5298,0.5774,57.781,46.511,75.996,0
VIT_CAR_0349,1707051123805,0.44,-0.007,0.095,0.9615,103.09,0.24,0.5151,78.18,74.442,57.568,81.363,0.8077,0.5757,67.22,45.339,91.053,0
VIT_CAR_0350,1707051123806,0.33,-0.127,0.6162,0.1784,173.4,0.35,0.8871,94.92,62.753,55.017,81.058,0.3845,0.5502,53.986,44.769,78.257,0
VIT_CAR_0351,1707051123807,0.393,0.326,0.1713,0.1995,137.26,0.628,0.9107,95.98,89.701,81.797,91.554,0.9246,0.818,89.323,79.993,91.982,0
VIT_CAR_0352,1707051123808,-0.146,0.216,0.565,0.859,209.97,1.127,0.6064,82.29,50.808,32.332,73.764,0.6002,0.3233,38.601,12.959,75.023,1
VIT_CAR_0353,1707051123809,-0.236,-0.089,0.5724,0.9126,117.0,0.74,0.6171,82.77,50.771,29.831,73.919,0.8049,0.2983,40.022,13.109,72.421,1
VIT_CAR_0354,1707051123810,0.181,0.358,0.466,0.2121,123.66,0.557,0.9309,96.89,73.716,63.047,85.675,0.8798,0.6305,67.497,52.338,82.111,0
VIT_CAR_0355,1707051123811,0.063,0.165,0.5226,0.4698,143.05,1.177,0.4632,75.84,65.54,49.744,70.398,0.9991,0.4974,57.742,36.778,71.899,0
VIT_CAR_0356,1707051123812,0.069,0.273,0.7639,0.7335,122.25,0.637,0.7363,88.13,41.705,24.764,73.281,0.3792,0.2476,28.587,6.187,71.306,1
VIT_CAR_0357,1707051123813,0.39,0.037,0.7992,0.8784,173.04,0.605,0.705,86.73,36.795,17.069,71.567,0.4295,0.1707,23.908,0.0,68.452,1
VIT_CAR_0358,1707051123814,0.146,0.101,0.4922,0.3791,147.71,0.582,0.8296,92.33,64.514,55.082,82.06,0.4003,0.5508,56.53,43.601,80.375,0
VIT_CAR_0359,1707051123815,-0.101,-0.106,0.5996,0.517,116.51,0.478,0.5399,79.29,55.695,43.178,71.005,0.4103,0.4318,46.225,29.625,73.361,0
VIT_CAR_0360,1707051123816,-0.03,0.355,0.9312,0.7417,150.76,0.492,0.8176,91.79,35.102,14.078,72.04,0.666,0.1408,20.216,0.0,68.074,1
VIT_CAR_0361,1707051123817,-0.243,-0.124,0.1197,0.7311,196.65,0.872,0.6572,84.57,80.185,64.793,85.082,0.9948,0.6479,73.318,53.612,87.995,0
VIT_CAR_0362,1707051123818,-0.196,0.373,0.1171,0.783,185.09,0.193,0.7903,90.56,79.057,62.987,89.133,0.9922,0.6299,72.896,54.688,89.707,0
VIT_CAR_0363,1707051123819,-0.235,0.388,0.0877,0.5699,149.86,0.866,0.4721,76.24,82.732,72.905,80.232,0.6214,0.729,81.129,67.107,87.569,0
VIT_CAR_0364,1707051123820,0.298,0.347,0.6579,0.1046,124.62,0.361,0.7039,86.68,64.97,55.237,74.646,0.7112,0.5524,56.596,46.246,74.096,0
VIT_CAR_0365,1707051123821,0.214,-0.234,0.4186,0.904,111.59,0.553,0.7372,88.18,59.641,39.695,80.908,0.888,0.397,49.338,22.484,78.303,0
VIT_CAR_0366,1707051123822,0.074,-0.031,0.7743,0.8656,195.41,0.304,0.5679,80.55,42.532,19.1,68.001,0.9463,0.191,29.842,0.052,66.522,1
VIT_CAR_0367,1707051123823,-0.051,0.125,0.6712,0.7981,175.22,0.73,0.5268,78.71,44.846,28.056,69.037,0.3631,0.2806,33.586,11.692,69.594,1
VIT_CAR_0368,1707051123824,0.185,0.226,0.3336,0.0999,158.66,0.916,0.5537,79.91,81.237,75.52,77.27,0.6228,0.7552,76.885,68.303,81.125,0
VIT_CAR_0369,1707051123825,0.3,0.485,0.8984,0.2044,195.53,0.522,0.6393,83.77,51.31,36.534,67.414,0.8663,0.3653,36.422,21.927,65.921,0
VIT_CAR_0370,1707051123826,0.355,0.05,0.7625,0.7436,104.6,0.322,0.5032,77.65,42.042,24.466,66.322,0.4426,0.2447,29.224,6.18,66.608,1
VIT_CAR_0371,1707051123827,0.088,0.45,0.2705,0.0231,171.9,0.388,0.971,98.7,85.792,82.348,91.179,0.5518,0.8235,79.325,81.092,90.24,0
VIT_CAR_0372,1707051123828,0.306,-0.119,0.3642,0.9792,116.01,1.009,0.6727,85.27,61.469,40.21,80.17,0.9885,0.4021,52.813,28.205,81.28,0
VIT_CAR_0373,1707051123829,0.059,0.047,0.3144,0.3771,104.47,0.431,0.8949,95.27,78.502,66.173,87.93,0.988,0.6617,72.657,55.503,85.665,0
VIT_CAR_0374,1707051123830,0.03,-0.208,0.1576,0.7193,145.87,0.963,0.9859,99.37,77.94,62.894,94.11,0.9249,0.6289,72.67,57.235,92.626,0
VIT_CAR_0375,1707051123831,0.342,0.344,0.1478,0.8876,136.49,0.498,0.4944,77.25,73.724,57.11,79.581,0.8388,0.5711,64.532,44.792,84.494,0
VIT_CAR_0376,1707051123832,-0.041,-0.129,0.9361,0.3946,202.94,0.348,0.8084,91.38,41.173,26.964,71.658,0.4153,0.2696,25.784,11.383,66.416,1
VIT_CAR_0377,1707051123833,-0.033,-0.044,0.4379,0.3191,128.88,0.914,0.9293,96.82,69.223,60.723,86.244,0.4567,0.6072,62.564,52.857,80.761,0
VIT_CAR_0378,1707051123834,-0.106,0.37,0.3833,0.6087,187.79,0.642,0.7988,90.95,66.56,53.102,83.532,0.6378,0.531,58.032,40.155,82.283,0
VIT_CAR_0379,1707051123835,0.065,0.178,0.7297,0.581,179.86,0.183,0.686,85.87,49.302,32.682,72.526,0.6486,0.3268,36.471,17.396,70.541,1
VIT_CAR_0380,1707051123836,0.086,-0.239,0.553,0.4091,170.15,1.158,0.6871,85.92,62.26,50.167,76.447,0.6044,0.5017,53.44,38.173,75.356,0
VIT_CAR_0381,1707051123837,0.178,-0.248,0.9361,0.6018,200.45,0.305,0.4697,76.14,38.553,19.092,61.497,0.7093,0.1909,28.194,0.8,60.001,1
VIT_CAR_0382,1707051123838,-0.006,0.159,0.7803,0.9354,138.95,0.521,0.744,88.48,37.188,16.077,73.154,0.5267,0.1608,23.309,0.0,70.715,1
VIT_CAR_0383,1707051123839,-0.176,-0.006,0.4794,0.4676,136.76,0.554,0.9964,99.84,66.244,52.509,87.347,0.7993,0.5251,59.272,42.916,81.937,0
VIT_CAR_0384,1707051123840,0.343,-0.106,0.3764,0.1967,109.31,0.664,0.9773,98.98,75.442,69.19,89.039,0.4668,0.6919,71.191,62.066,83.858,0
VIT_CAR_0385,1707051123841,-0.073,0.241,0.9866,0.3772,123.09,0.975,0.4722,76.25,39.359,24.495,60.461,0.4645,0.245,28.084,6.658,58.379,1
VIT_CAR_0386,1707051123842,0.388,-0.067,0.7178,0.3941,195.57,0.156,0.8382,92.72,51.632,40.523,77.355,0.3018,0.4052,40.693,28.177,74.701,0
VIT_CAR_0387,1707051123843,-0.184,0.224,0.9512,0.1311,146.93,1.129,0.616,82.72,46.199,36.044,65.553,0.351,0.3604,31.736,22.287,65.083,0
VIT_CAR_0388,1707051123844,0.098,0.053,0.1185,0.1629,130.96,0.828,0.9466,97.6,92.974,86.465,93.793,0.8804,0.8647,90.247,84.276,94.658,0
VIT_CAR_0389,1707051123845,0.079,-0.101,0.8505,0.6846,115.93,1.148,0.4748,76.37,39.799,21.254,63.533,0.557,0.2125,26.869,1.504,60.828,1
VIT_CAR_0390,1707051123846,0.313,-0.14,0.6371,0.3395,148.2,1.008,0.9647,98.41,57.783,47.601,82.926,0.3823,0.476,46.944,33.72,77.904,0
VIT_CAR_0391,1707051123847,-0.239,-0.061,0.1219,0.9549,176.0,1.124,0.9106,95.98,73.202,56.155,92.636,0.8075,0.5615,64.912,44.047,93.118,0
VIT_CAR_0392,1707051123848,0.378,-0.226,0.5883,0.2436,124.4,0.781,0.5146,78.16,64.71,54.271,70.497,0.6432,0.5427,55.496,42.669,71.882,0
VIT_CAR_0393,1707051123849,0.075,-0.003,0.6861,0.0989,180.93,0.525,0.4829,76.73,59.684,53.703,67.393,0.2169,0.537,53.698,44.288,68.918,0
VIT_CAR_0394,1707051123850,0.119,0.472,0.0123,0.7535,165.57,0.615,0.9091,95.91,80.901,70.604,95.002,0.4531,0.706,76.615,64.361,94.619,0
VIT_CAR_0395,1707051123851,0.058,0.415,0.4543,0.881,184.51,0.841,0.5357,79.11,53.963,38.353,74.075,0.3416,0.3835,43.776,22.949,76.11,0
VIT_CAR_0396,1707051123852,-0.321,0.048,0.8254,0.2781,120.11,0.598,0.7442,88.49,52.202,38.257,72.167,0.7247,0.3826,42.108,26.067,69.264,0
VIT_CAR_0397,1707051123853,0.048,0.211,0.2954,0.2021,165.72,0.918,0.9537,97.91,79.151,74.008,90.112,0.42,0.7401,74.432,69.905,89.544,0
VIT_CAR_0398,1707051123854,-0.139,0.204,0.4585,0.1858,108.45,0.246,0.7621,89.29,69.713,64.511,80.775,0.252,0.6451,63.665,56.599,78.753,0
VIT_CAR_0399,1707051123855,-0.076,0.413,0.4423,0.522,133.66,1.021,0.6685,85.08,62.423,52.74,78.323,0.2439,0.5274,52.126,40.095,78.245,0
VIT_CAR_0400,1707051123856,0.169,-0.061,0.3019,0.4684,176.92,0.364,0.6948,86.26,74.381,63.481,82.2,0.6654,0.6348,64.501,56.933,79.392,0
VIT_CAR_0401,1707051123857,0.048,-0.013,0.9184,0.2594,165.8,1.141,0.4847,76.81,43.753,33.198,62.336,0.2174,0.332,32.06,17.654,60.239,1
VIT_CAR_0402,1707051123858,-0.275,-0.009,0.7813,0.0452,112.54,0.313,0.9828,99.23,61.321,49.843,80.296,0.879,0.4984,52.896,38.643,73.465,0
VIT_CAR_0403,1707051123859,-0.292,-0.217,0.1106,0.4815,193.0,0.286,0.6209,82.94,81.288,74.847,84.193,0.3243,0.7485,78.515,67.974,86.328,0
VIT_CAR_0404,1707051123860,-0.201,0.002,0.997,0.9593,96.4,1.002,0.5541,79.94,26.612,1.729,62.69,0.6853,0.0173,11.287,0.0,60.312,1
VIT_CAR_0405,1707051123861,-0.197,0.452,0.8792,0.6525,161.43,1.01,0.6073,82.33,39.067,20.694,66.877,0.5558,0.2069,27.183,0.0,64.472,1
VIT_CAR_0406,1707051123862,0.137,0.48,0.2839,0.4955,208.06,0.926,0.9804,99.12,73.779,63.568,91.166,0.5543,0.6357,65.69,55.588,85.741,0
VIT_CAR_0407,1707051123863,-0.208,-0.162,0.8369,0.1107,153.78,1.159,0.5019,77.58,51.884,43.906,64.644,0.2574,0.4391,41.375,29.908,64.25,0
VIT_CAR_0408,1707051123864,0.355,0.116,0.1064,0.2524,186.08,0.434,0.927,96.72,91.145,83.809,93.469,0.8422,0.8381,88.928,84.384,92.101,0
VIT_CAR_0409,1707051123865,-0.182,0.055,0.9991,0.2948,161.42,1.018,0.8393,92.77,44.288,26.854,71.199,0.9144,0.2685,35.032,8.29,65.863,1
VIT_CAR_0410,1707051123866,-0.277,0.141,0.6657,0.7648,183.97,0.52,0.9065,95.79,44.7,29.665,80.55,0.2088,0.2967,34.244,10.811,74.424,1
VIT_CAR_0411,1707051123867,0.351,0.194,0.6501,0.8767,168.67,0.714,0.9867,99.4,43.896,26.377,83.3,0.3429,0.2638,32.286,9.274,78.303,1
VIT_CAR_0412,1707051123868,-0.114,-0.234,0.0904,0.9016,172.94,0.618,0.9132,96.09,77.043,60.13,93.406,0.9231,0.6013,69.155,52.142,93.299,0
VIT_CAR_0413,1707051123869,-0.01,0.424,0.897,0.9846,117.34,0.156,0.9689,98.6,30.841,6.97,77.331,0.6396,0.0697,12.757,0.0,70.983,1
VIT_CAR_0414,1707051123870,0.417,0.529,0.029,0.9824,179.02,0.753,0.5198,78.39,73.475,60.872,82.956,0.32,0.6087,67.463,51.501,88.674,0
VIT_CAR_0415,1707051123871,0.405,0.273,0.2408,0.953,118.55,0.935,0.8877,94.95,63.503,48.855,89.332,0.3622,0.4885,52.532,33.188,88.371,0
VIT_CAR_0416,1707051123872,0.222,0.278,0.143,0.0718,207.68,0.333,0.7501,88.76,92.663,88.403,87.357,0.728,0.884,90.229,84.667,86.907,0
VIT_CAR_0417,1707051123873,-0.295,0.172,0.7768,0.1378,117.33,1.128,0.7489,88.7,58.54,46.604,73.379,0.7799,0.466,48.859,32.741,67.962,0
VIT_CAR_0418,1707051123874,0.125,0.017,0.1982,0.3045,118.4,0.707,0.9444,97.5,83.823,76.142,91.972,0.6795,0.7614,81.9,67.48,90.177,0
VIT_CAR_0419,1707051123875,0.441,-0.131,0.9106,0.5529,193.04,0.337,0.9845,99.3,43.077,22.53,77.501,0.9625,0.2253,28.658,4.428,70.389,1
VIT_CAR_0420,1707051123876,0.408,0.217,0.6563,0.097,119.16,0.828,0.8377,92.69,64.309,55.626,78.692,0.5953,0.5563,52.752,42.104,74.477,0
VIT_CAR_0421,1707051123877,-0.265,-0.214,0.0362,0.8458,133.31,0.352,0.7156,87.2,77.342,65.618,88.673,0.4402,0.6562,71.78,54.67,92.734,0
VIT_CAR_0422,1707051123878,-0.033,0.41,0.0054,0.6168,175.76,0.217,0.701,86.55,85.57,76.227,88.911,0.5818,0.7623,80.144,69.177,92.037,0
VIT_CAR_0423,1707051123879,-0.098,0.087,0.0517,0.5424,109.05,0.87,0.6625,84.81,84.199,76.187,86.738,0.4877,0.7619,79.898,68.794,88.928,0
VIT_CAR_0424,1707051123880,-0.246,0.082,0.6059,0.1653,109.09,0.266,0.6489,84.2,63.561,56.151,74.136,0.3795,0.5615,55.608,46.609,73.085,0
VIT_CAR_0425,1707051123881,0.206,0.012,0.8015,0.2533,148.36,0.262,0.6653,84.94,50.139,40.684,70.327,0.2368,0.4068,39.139,27.389,68.27,0
VIT_CAR_0426,1707051123882,-0.131,0.525,0.2386,0.1603,119.24,0.927,0.4994,77.47,83.602,79.118,77.733,0.4818,0.7912,81.041,75.516,82.319,0
VIT_CAR_0427,1707051123883,-0.074,-0.11,0.8494,0.8519,118.28,0.208,0.4926,77.17,37.537,14.963,64.091,0.7691,0.1496,19.931,0.0,66.202,1
VIT_CAR_0428,1707051123884,-0.278,-0.129,0.0572,0.5842,91.11,1.0,0.8789,94.55,80.72,74.251,93.109,0.2148,0.7425,75.226,69.319,93.1,0
VIT_CAR_0429,1707051123885,0.048,-0.118,0.801,0.7351,134.45,0.986,0.6953,86.29,41.118,22.405,71.239,0.5513,0.2241,28.187,3.838,68.377,1
VIT_CAR_0430,1707051123886,-0.223,0.277,0.9278,0.296,128.19,0.298,0.9619,98.28,46.372,31.227,76.445,0.7152,0.3123,33.172,15.733,70.119,1
VIT_CAR_0431,1707051123887,-0.004,0.544,0.7721,0.3713,93.74,0.694,0.7867,90.4,52.447,38.022,74.615,0.6883,0.3802,38.942,24.267,70.963,0
VIT_CAR_0432,1707051123888,-0.235,-0.062,0.6981,0.4049,164.55,0.251,0.4693,76.12,56.552,41.332,66.722,0.8213,0.4133,47.041,27.722,66.754,0
VIT_CAR_0433,1707051123889,0.413,0.474,0.838,0.76,165.2,0.814,0.5366,79.15,40.972,19.165,65.664,0.8484,0.1916,28.119,0.0,62.196,1
VIT_CAR_0434,1707051123890,-0.234,-0.027,0.0402,0.7724,98.5,0.216,0.5632,80.34,81.531,68.161,84.013,0.7694,0.6816,75.615,59.377,88.167,0
VIT_CAR_0435,1707051123891,0.068,0.268,0.2018,0.2068,128.04,1.142,0.9867,99.4,82.802,79.631,93.16,0.2822,0.7963,76.193,73.511,90.096,0
VIT_CAR_0436,1707051123892,-0.192,-0.218,0.1249,0.9415,194.74,0.368,0.5703,80.66,71.547,56.476,82.36,0.58,0.5648,64.641,45.944,83.928,0
VIT_CAR_0437,1707051123893,-0.289,0.147,0.5045,0.1207,159.86,0.867,0.7337,88.01,72.33,64.134,78.91,0.6827,0.6413,63.446,55.723,76.877,0
VIT_CAR_0438,1707051123894,-0.188,0.274,0.7452,0.8961,139.44,0.285,0.9649,98.42,38.915,19.746,80.553,0.3965,0.1975,24.908,0.0,73.442,1
VIT_CAR_0439,1707051123895,-0.306,0.179,0.63,0.1004,145.81,0.37,0.9875,99.44,62.702,57.124,83.763,0.234,0.5712,53.738,46.307,79.75,0
VIT_CAR_0440,1707051123896,-0.238,-0.06,0.8511,0.2645,114.99,0.623,0.58,81.1,48.423,37.177,66.675,0.3789,0.3718,35.469,20.801,65.808,0
VIT_CAR_0441,1707051123897,0.045,0.413,0.1552,0.8465,187.43,0.752,0.477,76.47,72.125,58.211,78.896,0.5639,0.5821,63.829,49.041,82.574,0
VIT_CAR_0442,1707051123898,0.171,0.526,0.7346,0.1795,199.68,1.199,0.5345,79.05,57.741,47.633,67.873,0.5311,0.4763,48.129,35.671,67.192,0
VIT_CAR_0443,1707051123899,-0.28,0.117,0.193,0.4136,199.28,0.177,0.4848,76.82,78.767,72.316,78.298,0.3413,0.7232,72.782,64.183,80.148,0
VIT_CAR_0444,1707051123900,0.003,0.259,0.2708,0.4499,116.87,0.15,0.5573,80.08,78.0,66.118,78.763,0.8595,0.6612,72.756,59.042,81.167,0
VIT_CAR_0445,1707051123901,0.115,0.382,0.7099,0.2453,127.29,0.518,0.7627,89.32,60.723,46.666,75.263,0.9405,0.4667,50.528,33.434,73.03,0
VIT_CAR_0446,1707051123902,-0.163,-0.057,0.9802,0.7102,109.27,0.534,0.9518,97.83,30.872,12.238,74.991,0.3611,0.1224,16.588,0.0,68.965,1
VIT_CAR_0447,1707051123903,-0.052,0.442,0.6115,0.8513,126.86,1.078,0.7455,88.55,51.317,29.734,76.91,0.9437,0.2973,39.052,14.19,74.003,1
VIT_CAR_0448,1707051123904,-0.293,-0.026,0.0545,0.8746,129.94,1.108,0.7943,90.74,73.89,63.387,90.63,0.2143,0.6339,66.123,53.073,94.24,0
VIT_CAR_0449,1707051123905,-0.174,0.371,0.6163,0.3393,165.97,1.075,0.561,80.25,63.328,48.895,71.272,0.94,0.4889,52.874,36.26,69.336,0
VIT_CAR_0450,1707051123906,0.023,-0.16,0.0424,0.5309,112.76,0.3,0.8903,95.06,88.75,77.202,93.778,0.9615,0.772,82.097,71.362,92.884,0
VIT_CAR_0451,1707051123907,0.442,-0.019,0.8841,0.2484,200.33,0.583,0.7898,90.54,45.74,35.744,72.242,0.2096,0.3574,34.711,22.595,68.756,0
VIT_CAR_0452,1707051123908,0.447,0.177,0.7096,0.2448,102.37,0.933,0.9253,96.64,59.71,46.704,80.148,0.8104,0.467,49.659,34.352,77.874,0
VIT_CAR_0453,1707051123909,0.434,0.17,0.1731,0.1613,90.83,0.478,0.9719,98.73,90.937,83.138,93.347,0.9762,0.8314,84.345,77.303,93.04,0
VIT_CAR_0454,1707051123910,-0.012,0.43,0.0917,0.94,192.59,0.846,0.6413,83.86,76.068,58.593,85.223,0.9247,0.5859,67.675,48.724,88.732,0
VIT_CAR_0455,1707051123911,-0.285,0.547,0.1835,0.888,174.45,0.399,0.4998,77.49,72.957,54.877,78.957,0.9766,0.5488,63.371,42.701,80.198,0
VIT_CAR_0456,1707051123912,-0.091,-0.164,0.98,0.7774,132.64,0.49,0.5743,80.84,31.504,9.699,63.667,0.6403,0.097,17.646,0.0,57.902,1
VIT_CAR_0457,1707051123913,-0.16,-0.033,0.4586,0.5177,161.46,1.053,0.6908,86.09,61.831,51.898,78.636,0.2625,0.519,50.609,40.3,78.872,0
VIT_CAR_0458,1707051123914,-0.339,0.036,0.7841,0.4906,116.83,0.413,0.9701,98.66,50.492,32.744,79.854,0.8798,0.3274,36.271,13.508,73.403,1
VIT_CAR_0459,1707051123915,-0.274,0.133,0.6364,0.5297,110.21,1.163,0.6581,84.61,55.721,40.412,73.741,0.6911,0.4041,46.678,26.741,71.094,0
VIT_CAR_0460,1707051123916,0.013,0.145,0.5724,0.5366,146.54,0.472,0.8739,94.33,58.891,44.121,81.625,0.6918,0.4412,50.874,33.658,78.657,0
VIT_CAR_0461,1707051123917,-0.078,0.435,0.1451,0.4346,132.38,0.175,0.7473,88.63,82.294,74.489,87.225,0.5338,0.7449,76.538,70.475,89.27,0
VIT_CAR_0462,1707051123918,-0.206,0.366,0.946,0.1318,163.83,0.418,0.5505,79.77,48.904,36.34,63.704,0.6575,0.3634,36.628,24.524,62.946,0
VIT_CAR_0463,1707051123919,0.223,-0.235,0.3013,0.1257,116.18,0.33,0.6264,83.19,79.897,76.542,80.163,0.3229,0.7654,76.627,69.536,82.44,0
VIT_CAR_0464,1707051123920,-0.064,0.114,0.578,0.9522,169.55,0.682,0.8093,91.42,49.424,27.977,79.561,0.7918,0.2798,32.909,11.731,79.069,1
VIT_CAR_0465,1707051123921,0.331,0.244,0.6998,0.482,182.02,0.268,0.8201,91.9,50.123,38.297,77.207,0.26,0.383,36.259,22.597,73.78,0
VIT_CAR_0466,1707051123922,-0.157,0.118,0.6492,0.9532,110.0,0.807,0.6891,86.01,45.634,23.526,74.39,0.7838,0.2353,31.398,5.241,72.754,1
VIT_CAR_0467,1707051123923,0.081,-0.145,0.9406,0.1636,95.26,1.069,0.5758,80.91,50.197,35.467,64.58,0.8792,0.3547,41.03,18.754,63.742,0
VIT_CAR_0468,1707051123924,-0.203,0.068,0.1484,0.5544,142.75,0.531,0.847,93.12,79.599,69.729,90.146,0.578,0.6973,73.432,61.14,89.326,0
VIT_CAR_0469,1707051123925,0.046,0.079,0.5084,0.2077,182.88,0.327,0.5429,79.43,69.443,60.589,73.103,0.6079,0.6059,62.549,50.38,78.743,0
VIT_CAR_0470,1707051123926,-0.228,-0.1,0.404,0.2532,168.09,0.57,0.9652,98.43,72.512,65.329,88.066,0.4498,0.6533,67.996,58.488,85.815,0
VIT_CAR_0471,1707051123927,-0.221,0.355,0.4742,0.0301,174.23,0.975,0.5533,79.9,78.426,69.459,74.169,0.9756,0.6946,76.161,63.722,76.306,0
VIT_CAR_0472,1707051123928,0.14,0.007,0.1192,0.119,138.34,0.771,0.509,77.91,93.238,88.088,80.648,0.7865,0.8809,90.228,85.645,86.374,0
VIT_CAR_0473,1707051123929,-0.139,0.221,0.1341,0.9168,118.19,0.256,0.7237,87.57,70.984,56.846,86.761,0.4952,0.5685,63.066,43.774,91.82,0
VIT_CAR_0474,1707051123930,-0.212,0.163,0.2781,0.3215,153.81,0.714,0.7358,88.11,76.542,70.541,83.955,0.3398,0.7054,73.966,62.965,86.09,0
VIT_CAR_0475,1707051123931,0.394,0.452,0.3047,0.6081,114.52,0.641,0.7295,87.83,68.566,57.999,83.182,0.3757,0.58,58.674,46.533,81.582,0
VIT_CAR_0476,1707051123932,-0.316,-0.152,0.4279,0.465,177.15,0.493,0.6902,86.06,67.158,55.799,79.291,0.5711,0.558,60.737,46.463,81.691,0
VIT_CAR_0477,1707051123933,0.102,-0.159,0.611,0.4005,113.64,0.266,0.9971,99.87,62.25,46.902,84.473,0.9541,0.469,51.199,36.111,79.108,0
VIT_CAR_0478,1707051123934,0.089,-0.01,0.6346,0.5319,124.95,1.18,0.7175,87.29,56.533,40.441,75.562,0.7873,0.4044,45.982,27.822,74.036,0
VIT_CAR_0479,1707051123935,-0.15,0.095,0.4118,0.1872,150.79,0.335,0.7129,87.08,73.07,67.353,80.326,0.3722,0.6735,66.865,58.582,78.558,0
VIT_CAR_0480,1707051123936,0.012,-0.011,0.4088,0.9886,148.41,0.352,0.682,85.69,58.118,37.088,79.466,0.8876,0.3709,45.264,17.37,80.801,0
VIT_CAR_0481,1707051123937,-0.28,0.361,0.2176,0.8183,162.1,0.303,0.4868,76.9,69.064,55.411,77.815,0.5026,0.5541,59.468,41.531,81.256,0
VIT_CAR_0482,1707051123938,0.227,-0.054,0.5883,0.7416,142.49,0.749,0.7761,89.93,54.66,35.344,78.341,0.8814,0.3534,43.412,21.824,76.471,0
VIT_CAR_0483,1707051123939,-0.173,-0.182,0.317,0.4688,200.34,0.616,0.5754,80.89,71.411,62.531,78.287,0.3934,0.6253,66.135,52.803,80.42,0
VIT_CAR_0484,1707051123940,-0.195,0.081,0.0361,0.1529,190.79,0.412,0.8007,91.03,96.015,91.955,91.227,0.6949,0.9195,94.354,88.795,96.218,0
VIT_CAR_0485,1707051123941,-0.098,0.369,0.4184,0.9207,195.49,0.601,0.478,76.51,59.678,39.074,73.134,0.9413,0.3907,48.736,26.474,79.025,0
VIT_CAR_0486,1707051123942,0.372,0.43,0.4741,0.3414,165.54,0.857,0.9898,99.54,66.402,57.631,87.262,0.4063,0.5763,59.654,49.477,83.662,0
VIT_CAR_0487,1707051123943,0.287,0.337,0.2256,0.0501,166.2,0.446,0.708,86.86,89.101,84.109,84.276,0.7543,0.8411,84.812,80.486,86.071,0
VIT_CAR_0488,1707051123944,0.408,0.196,0.5725,0.3424,163.1,1.111,0.9432,97.44,65.933,51.496,83.702,0.9899,0.515,58.349,39.618,79.244,0
VIT_CAR_0489,1707051123945,0.172,0.329,0.5658,0.7945,142.19,0.472,0.7116,87.02,50.077,34.733,76.9,0.3205,0.3473,39.521,18.669,77.494,1
VIT_CAR_0490,1707051123946,0.18,0.295,0.702,0.6227,128.65,0.358,0.4832,76.74,46.717,32.813,67.051,0.2707,0.3281,38.541,17.099,67.144,1
VIT_CAR_0491,1707051123947,0.034,-0.063,0.6479,0.7508,161.04,1.152,0.9022,95.6,50.201,31.295,80.812,0.7394,0.313,37.254,17.116,76.169,1
VIT_CAR_0492,1707051123948,0.374,0.191,0.6524,0.7936,93.06,1.001,0.8065,91.29,46.801,29.391,77.842,0.4718,0.2939,33.381,12.954,76.412,1
VIT_CAR_0493,1707051123949,0.059,0.366,0.3162,0.212,90.89,0.51,0.88,94.6,76.526,72.34,87.442,0.257,0.7234,72.717,66.883,85.546,0
VIT_CAR_0494,1707051123950,-0.066,0.004,0.7874,0.9238,192.2,1.034,0.6855,85.85,37.525,16.075,71.241,0.5802,0.1608,23.625,0.0,68.659,1
VIT_CAR_0495,1707051123951,0.162,0.273,0.5491,0.438,95.57,0.695,0.8009,91.04,63.357,49.309,79.945,0.803,0.4931,53.448,35.487,75.569,0
VIT_CAR_0496,1707051123952,0.087,0.135,0.4314,0.639,152.98,0.514,0.9209,96.44,61.655,48.97,86.137,0.4281,0.4897,51.831,37.672,84.69,0
VIT_CAR_0497,1707051123953,-0.251,0.153,0.626,0.0023,163.8,1.032,0.7971,90.87,67.136,61.099,78.14,0.468,0.611,61.046,51.87,78.478,0
VIT_CAR_0498,1707051123954,-0.036,-0.178,0.3607,0.9934,113.78,0.94,0.6412,83.85,60.417,39.891,79.302,0.8766,0.3989,48.255,21.134,81.804,0
VIT_CAR_0499,1707051123955,-0.099,0.283,0.5127,0.2809,197.49,0.463,0.8144,91.65,67.525,57.536,81.151,0.6161,0.5754,59.302,44.357,81.47,0
